{"edges": [[0, 2], [2, 1], [2, 4], [4, 3], [4, 7], [7, 5], [7, 6]], "features": {"1": [0.7619, -0.29773, 0.51396, -0.13303, 0.24156, 0.066799, -0.54084, 0.2071, -0.28225, -0.11638, 0.21666, 0.54908, -0.36744, -0.10543, 0.81567, 1.1743, 0.56055, -0.3345, 0.099767, -0.87465, 0.12229, -0.18532, 0.086783, -0.36343, 0.008002, -2.2268, -0.20079, -0.10313, 0.24318, -0.39819, 3.7136, 0.59088, -1.1013, -0.25292, 0.0057067, -0.60475, 0.35965, -0.059581, -0.029059, -0.3989, -0.52631, 0.12436, 0.13609, 0.12699, -0.23032, -0.044567, -0.6545, 0.43088, -0.22768, 0.4026], "2": [-0.04116, 0.22243, -0.11458, -0.33628, 0.038872, -0.066803, -0.58309, -0.19971, -0.51087, -0.29037, -0.49177, -0.13533, -1.0737, -0.4156, 0.81837, 0.47902, 0.078869, -0.60318, -0.5732, 0.065613, 0.21122, -0.20912, -0.27305, -0.21332, -0.077237, -1.4695, 0.46413, 0.1222, 0.80235, 0.25796, 3.7452, 0.14293, -0.51556, 0.34662, 0.12782, -0.21896, 0.15115, -0.2969, -0.37945, -0.41931, -0.74006, -0.10499, -0.31756, -0.23893, -0.40606, 0.24247, 0.55832, -0.1801, -0.37332, -0.18039], "3": [0.418, 0.24968, -0.41242, 0.1217, 0.34527, -0.044457, -0.49688, -0.17862, -0.00066023, -0.6566, 0.27843, -0.14767, -0.55677, 0.14658, -0.0095095, 0.011658, 0.10204, -0.12792, -0.8443, -0.12181, -0.016801, -0.33279, -0.1552, -0.23131, -0.19181, -1.8823, -0.76746, 0.099051, -0.42125, -0.19526, 4.0071, -0.18594, -0.52287, -0.31681, 0.00059213, 0.0074449, 0.17778, -0.15897, 0.012041, -0.054223, -0.29871, -0.15749, -0.34758, -0.045637, -0.44251, 0.18785, 0.0027849, -0.18411, -0.11514, -0.78581], "4": [-0.034772, 0.64145, -0.37352, 0.20804, 0.20488, 0.10238, -0.90995, -0.57641, 0.01479, 0.45589, -0.15513, -0.18886, -0.44949, 0.39482, 1.1552, 0.15602, -0.071006, 0.056749, -0.66921, -0.43072, 0.78598, 0.67878, 0.54741, 0.23433, 0.18783, -1.1221, -1.3257, 0.45237, 0.069194, -0.47916, 3.0153, 0.8077, 0.097056, -1.065, -0.49647, 0.051322, 0.38649, -0.25782, -0.76952, -0.70461, -0.15052, 0.36085, -0.97656, -0.58116, 0.081565, -0.41565, -0.16104, -0.23396, -0.28784, 0.98359], "5": [0.68047, -0.039263, 0.30186, -0.17792, 0.42962, 0.032246, -0.41376, 0.13228, -0.29847, -0.085253, 0.17118, 0.22419, -0.10046, -0.43653, 0.33418, 0.67846, 0.057204, -0.34448, -0.42785, -0.43275, 0.55963, 0.10032, 0.18677, -0.26854, 0.037334, -2.0932, 0.22171, -0.39868, 0.20912, -0.55725, 3.8826, 0.47466, -0.95658, -0.37788, 0.20869, -0.32752, 0.12751, 0.088359, 0.16351, -0.21634, -0.094375, 0.018324, 0.21048, -0.03088, -0.19722, 0.082279, -0.09434, -0.073297, -0.064699, -0.26044], "6": [0.91102, -0.22872, 0.2077, -0.20237, 0.50697, -0.057893, -0.41729, -0.075341, -0.30454, -0.003286, 0.44481, 0.41818, -0.33409, 0.032917, 0.98872, 0.91984, 0.40521, 0.01925, -0.1052, -0.79865, -0.36403, -0.087995, 0.72182, 0.11114, 0.2153, -1.9411, -0.26376, 0.4455, 0.27586, -0.21104, 4.0212, -0.061943, -0.32134, -0.81922, 0.2108, -0.20414, 0.72625, 0.47517, -0.39853, -0.39168, -0.34581, 0.025928, 0.13072, 0.73562, -0.15199, -0.18439, -0.67128, 0.16692, -0.050063, 0.19241], "7": [0.25616, 0.43694, -0.11889, 0.20345, 0.41959, 0.85863, -0.60344, -0.31835, -0.6718, 0.003984, -0.075159, 0.11043, -0.73534, 0.27436, 0.054015, -0.23828, -0.13767, 0.011573, -0.46623, -0.55233, 0.083317, 0.55938, 0.51903, -0.27065, -0.28211, -1.3918, 0.17498, 0.26586, 0.061449, -0.273, 3.9032, 0.38169, -0.056009, -0.004425, 0.24033, 0.30675, -0.12638, 0.33436, 0.075485, -0.036218, 0.13691, 0.37762, -0.12159, -0.13808, 0.19505, 0.22793, -0.17304, -0.07573, -0.25868, -0.39339], "0": [0, 0, 0, 0, 0, 0, 0, 0, 0, 0, 0, 0, 0, 0, 0, 0, 0, 0, 0, 0, 0, 0, 0, 0, 0, 0, 0, 0, 0, 0, 0, 0, 0, 0, 0, 0, 0, 0, 0, 0, 0, 0, 0, 0, 0, 0, 0, 0, 0, 0]}}