{"edges": [[0, 4], [2, 1], [4, 2], [4, 3], [4, 7], [7, 5], [7, 6], [7, 9], [9, 8]], "features": {"1": [0.33042, 0.24995, -0.60874, 0.10923, 0.036372, 0.151, -0.55083, -0.074239, -0.092307, -0.32821, 0.09598, -0.82269, -0.36717, -0.67009, 0.42909, 0.016496, -0.23573, 0.12864, -1.0953, 0.43334, 0.57067, -0.1036, 0.20422, 0.078308, -0.42795, -1.7984, -0.27865, 0.11954, -0.12689, 0.031744, 3.8631, -0.17786, -0.082434, -0.62698, 0.26497, -0.057185, -0.073521, 0.46103, 0.30862, 0.12498, -0.48609, -0.0080272, 0.031184, -0.36576, -0.42699, 0.42164, -0.11666, -0.50703, -0.027273, -0.53285], "2": [0.5540617995467496, 0.2129906922464304, 0.15299310461416615, 0.1825032290786397, 0.9683931920853852, 0.892026593922899, 0.11328320495072952, 0.9210824150891486, 0.869292542489704, 0.4117040579509347, 0.9417571220537913, 0.7021388152955574, 0.4467737441818763, 0.06663947369732026, 0.24487848471255325, 0.933362410326313, 0.9285860956704266, 0.24761482882104968, 0.5472335363333933, 0.04274780248121168, 0.16220003277880235, 0.08587613085255752, 0.2792875149142702, 0.2917204409090244, 0.19565021724578235, 0.6843819904783934, 0.3656738936427708, 0.5464391062830836, 0.5204838267179632, 0.43793429846712195, 0.413418691759741, 0.6226327461455012, 0.6916438906030566, 0.1518789369711956, 0.6091259693412868, 0.03562281516627197, 0.25632896235345026, 0.018288427342333158, 0.9581049423877419, 0.06130219871760556, 0.8108615081392021, 0.6534857294834612, 0.9518403293000349, 0.3534367946081032, 0.7838869964246227, 0.7873544706848917, 0.959629309057503, 0.43796240444279044, 0.3201493390639979, 0.040582628720455816], "3": [0.53074, 0.40117, -0.40785, 0.15444, 0.47782, 0.20754, -0.26951, -0.34023, -0.10879, 0.10563, -0.10289, 0.10849, -0.49681, -0.25128, 0.84025, 0.38949, 0.32284, -0.22797, -0.44342, -0.31649, -0.12406, -0.2817, 0.19467, 0.055513, 0.56705, -1.7419, -0.91145, 0.27036, 0.41927, 0.020279, 4.0405, -0.24943, -0.20416, -0.62762, -0.054783, -0.26883, 0.18444, 0.18204, -0.23536, -0.16155, -0.27655, 0.035506, -0.38211, -0.00075134, -0.24822, 0.28164, 0.12819, 0.28762, 0.1444, 0.23611], "4": [0.12099, 0.10119, -0.18065, 0.20052, 0.34682, -1.0604, -1.1647, 0.64395, -0.33524, -0.79036, -0.55958, -1.0967, -0.14952, 0.36835, 0.5777, 0.27746, -1.3737, -0.23306, -1.2181, -0.46396, 0.91798, 1.31, 0.5937, 0.047051, 0.65399, -1.0776, 0.33062, 1.0118, 0.27919, 0.15841, 3.1537, 0.45444, -0.15605, 0.33373, 0.033046, -0.40556, 0.41308, -0.28614, 0.31554, 0.3254, -0.44613, 0.36396, -0.53107, -0.38338, 0.63936, -0.079852, 0.04625, -0.20362, 0.41999, 0.25573], "5": [0.27724, 0.88469, -0.26247, 0.084104, 0.40813, -1.1697, -0.68522, 0.1427, -0.57345, -0.58575, -0.50834, -0.86411, -0.52596, -0.56379, 0.32862, 0.43393, -0.21248, 0.49365, -1.8137, -0.035741, 1.3227, 0.80865, 0.012217, -0.087017, -0.16813, -1.5935, 0.47034, 0.26097, -0.41666, -0.38526, 3.4413, 0.34383, -0.035895, -0.5678, 0.18377, -0.48647, 0.42646, 0.4408, 1.0931, 0.063915, -0.064305, -0.29231, 0.086502, 0.35245, 0.17891, 0.25941, 0.37069, -0.51611, 0.023163, 0.05779], "6": [0.29974, 0.1452, 0.27603, 0.32267, -0.014254, -0.71486, 0.54948, 1.2348, -0.84901, -0.58484, -0.67997, -0.89409, -0.30061, 1.0141, -0.4696, -0.17053, -0.52321, -0.11915, -0.55697, 0.77651, 0.61465, 0.33222, -0.28043, 0.39688, 0.059546, 1.411, 1.0989, -0.0011595, 0.74133, 0.79565, -0.46197, 0.45757, 0.033841, 0.27735, -0.76416, 0.63093, -0.2729, 0.17855, 1.2825, 0.37024, 0.89425, -0.72239, -0.64568, 0.7058, -0.27886, 0.66982, 1.3169, 0.42838, -0.34256, 0.17827], "7": [0.34468, 0.21708, 0.53174, 0.53915, 0.62497, -1.4927, -0.42838, 0.75157, -1.0871, -1.7718, -0.81534, -1.3087, -0.27053, 0.97827, 1.1284, 0.26346, -1.686, 0.20784, -1.6069, -0.14611, 1.5512, 0.73789, 0.52841, 0.91385, 0.71491, -0.18984, 0.80426, 0.42158, 0.85226, 0.26786, 2.5358, 0.11173, -0.72701, -0.071189, -0.44921, -0.29976, 0.62886, -0.84814, 1.6226, 1.1958, -0.085753, -0.13681, -0.23679, 0.11839, 0.16168, 0.46415, 1.2014, -0.31904, 0.57749, 0.77282], "8": [0.603873451060403, 0.5755757381088967, 0.3680552594707972, 0.8461878568748388, 0.3884731372911543, 0.6725835612565223, 0.014714279076225911, 0.8070652457096896, 0.27629001586745805, 0.7200079346570115, 0.981994520592248, 0.6159301176121661, 0.3091573801905657, 0.0632607633780965, 0.0014090592485970221, 0.7670572115985389, 0.20906399392169484, 0.9202617122785735, 0.06210966939785134, 0.3150910114786717, 0.7667634184558856, 0.33218490980903836, 0.9306155688706436, 0.24593230464508897, 0.01454524571666782, 0.9496199711713682, 0.19146414803003886, 0.5992399787980435, 0.25358043348742976, 0.9667913669087944, 0.10004578256519925, 0.8812426136940243, 0.893422685127919, 0.007961393997985122, 0.30247991124154705, 0.5524811590421431, 0.23133898390020158, 0.07789968437332051, 0.5661086986292828, 0.27994217919954556, 0.694083344022153, 0.9655602387650715, 0.6244263687281878, 0.7302622814729417, 0.7811390501720331, 0.964144051786233, 0.5589522808542697, 0.11808507905603394, 0.0473182634489554, 0.691361887651683], "9": [0.065936, -0.49094, -0.21118, -0.79218, -0.63109, -0.41557, 0.68505, -0.047973, -0.59454, -0.26369, -0.099842, 0.011175, 0.42478, -1.1334, 0.61252, -0.057352, -1.3234, -0.50607, -0.77068, 1.1421, 0.24404, -0.59098, 1.021, 0.14129, 0.12287, 0.3491, 0.23888, -0.34851, 0.37585, 1.1894, -0.75496, -0.55509, -0.40073, 0.39514, -0.16823, -0.34489, 0.073789, -0.050404, -0.011625, 0.64748, 0.28592, 0.069147, -0.20755, 0.29706, -0.85203, 0.46349, 0.55301, -1.3852, -0.12269, -0.58819], "0": [0, 0, 0, 0, 0, 0, 0, 0, 0, 0, 0, 0, 0, 0, 0, 0, 0, 0, 0, 0, 0, 0, 0, 0, 0, 0, 0, 0, 0, 0, 0, 0, 0, 0, 0, 0, 0, 0, 0, 0, 0, 0, 0, 0, 0, 0, 0, 0, 0, 0]}}