{"edges": [[0, 1], [1, 2], [1, 3], [6, 4], [6, 5], [6, 10], [6, 11], [3, 6], [10, 7], [10, 9], [9, 8]], "features": {"1": [0.38973, -0.2121, 0.51837, 0.80136, 1.0336, -0.27784, -0.84525, -0.25333, 0.12586, -0.90342, 0.24975, 0.22022, -1.2053, -0.53771, 1.0446, 0.62778, 0.39704, -0.15812, 0.38102, -0.54674, -0.44009, 1.0976, 0.013069, -0.89971, 0.41226, -2.2309, 0.28997, 0.32175, -0.72738, -0.092244, 3.028, -0.062599, 0.038329, 0.0072918, -0.35388, -0.92256, 0.097932, 0.10068, 1.2116, 0.88233, -0.46297, 1.3186, 0.32705, -0.73446, 0.89301, -0.45324, -1.2698, 0.86119, 0.1415, 1.2018], "2": [0.013441, 0.23682, -0.16899, 0.40951, 0.63812, 0.47709, -0.42852, -0.55641, -0.364, -0.23938, 0.13001, -0.063734, -0.39575, -0.48162, 0.23291, 0.090201, -0.13324, 0.078639, -0.41634, -0.15428, 0.10068, 0.48891, 0.31226, -0.1252, -0.037512, -1.5179, 0.12612, -0.02442, -0.042961, -0.28351, 3.5416, -0.11956, -0.014533, -0.1499, 0.21864, -0.33412, -0.13872, 0.31806, 0.70358, 0.44858, -0.080262, 0.63003, 0.32111, -0.46765, 0.22786, 0.36034, -0.37818, -0.56657, 0.044691, 0.30392], "3": [0.46581, 0.05208, 0.29423, 0.30861, 0.6267, -0.20534, 0.056781, -0.042381, -0.13931, -0.17365, 0.14445, -0.015304, -0.18439, -0.35211, 0.4849, 0.28102, 0.037451, -0.21563, 0.43605, -0.79717, 0.33399, 0.34952, 0.58565, -0.50881, 0.36011, -0.98802, 0.23281, 0.29379, 0.17581, 0.11384, 3.3999, 0.28539, -0.093991, -0.00095264, 0.03425, -0.15511, 0.18113, 0.20979, -0.018603, 0.41173, 0.074726, 0.25754, 0.25686, -0.35668, 0.61335, -0.19963, -0.46978, 0.87481, 0.34349, 0.25803], "4": [0.88387, -0.14199, 0.13566, 0.098682, 0.51218, 0.49138, -0.47155, -0.30742, 0.01963, 0.12686, 0.073524, 0.35836, -0.60874, -0.18676, 0.78935, 0.54534, 0.1106, -0.2923, 0.059041, -0.69551, -0.18804, 0.19455, 0.32269, -0.49981, 0.306, -2.3902, -0.60749, 0.37107, 0.078912, -0.23896, 3.839, -0.20355, -0.35613, -0.69185, -0.17497, -0.35323, 0.10598, -0.039303, 0.015701, 0.038279, -0.35283, 0.44882, -0.16534, 0.31579, 0.14963, -0.071277, -0.53506, 0.52711, -0.20148, 0.0095952], "5": [-1.1287, 0.54044, 1.2221, -0.44612, 1.5049, -0.21275, -0.57961, -0.71531, 0.090204, 0.20372, 0.16609, -1.3661, 0.95333, -0.32323, 1.0463, -0.70378, -0.86721, 0.14115, -1.429, -0.31316, 0.11302, -0.47463, 0.17155, -0.11804, 0.12815, -0.48772, 0.14216, -0.42434, 0.79602, 1.1944, 3.4363, 1.0407, 1.5956, 0.58145, 0.76095, -0.49291, -0.1558, 0.40834, 0.86473, -0.11553, -0.93911, 0.090052, 0.65522, 0.9792, -1.0986, -0.37018, 0.34628, 0.45069, 0.44896, 0.72004], "6": [-0.90992, -1.0157, 0.49811, 0.35748, 0.12453, 0.34196, -0.43667, -1.1625, 1.309, 0.68745, 1.3311, -0.20285, 0.61165, -0.22363, 0.88081, 0.83438, -0.034696, -0.17074, 0.33999, -0.41311, 1.2663, -1.2991, 0.11194, -1.1369, 0.011736, -0.88096, 0.38355, 0.41901, 1.2707, 0.88405, 3.181, 0.66265, 0.90139, 1.2476, 0.0030339, -0.51207, -0.86983, 0.65988, -0.51211, 0.19439, -1.2661, 0.37826, 1.4532, -1.8536, 0.39366, 0.05361, -0.60166, 0.79763, 0.26144, -0.62567], "7": [0.70853, 0.57088, -0.4716, 0.18048, 0.54449, 0.72603, 0.18157, -0.52393, 0.10381, -0.17566, 0.078852, -0.36216, -0.11829, -0.83336, 0.11917, -0.16605, 0.061555, -0.012719, -0.56623, 0.013616, 0.22851, -0.14396, -0.067549, -0.38157, -0.23698, -1.7037, -0.86692, -0.26704, -0.2589, 0.1767, 3.8676, -0.1613, -0.13273, -0.68881, 0.18444, 0.0052464, -0.33874, -0.078956, 0.24185, 0.36576, -0.34727, 0.28483, 0.075693, -0.062178, -0.38988, 0.22902, -0.21617, -0.22562, -0.093918, -0.80375], "8": [-0.74022, -0.21142, 0.83384, 0.5806, 1.0443, 0.047492, 0.27691, -1.3634, -1.0086, 0.24916, -0.12379, -0.64974, 0.80544, -0.5363, 0.27224, -0.24692, -0.82974, -0.10181, -1.3583, -0.24577, 0.58696, 0.081315, -0.32695, -1.3873, 0.34657, 0.82548, 1.2633, -0.24423, 0.21833, 0.52891, 0.17046, 0.25309, 0.53417, 1.6143, 0.054362, -1.1399, -0.43705, 0.083437, 0.34715, -0.3403, 0.26272, -0.55835, 1.3595, 0.59076, -0.46788, -0.29833, 0.41011, 0.036811, 0.53433, -0.31296], "9": [1.1414, 0.045188, 1.8586, -0.050447, 0.39759, 0.31558, -0.66984, -1.6864, 0.151, 0.69105, -0.87842, -0.77406, 0.67346, -1.6115, 1.8154, -0.48631, 0.09541, 0.56202, -1.2105, 0.60549, 0.66933, -0.3355, 0.30825, -1.2069, -0.58988, -0.8496, 0.18481, -0.99578, -0.35671, -0.40894, 3.6743, 0.79897, 0.31498, 1.3646, 0.0036529, -0.51161, 0.24875, -0.21306, 0.58295, -0.70832, -0.33408, 0.071599, 1.4238, 0.21819, -1.1946, 0.38572, -1.3817, 0.35649, -0.46031, -0.13773], "10": [0.68981, 0.18851, 0.87028, -0.7604, 1.0731, -0.65067, 0.89954, -0.81693, 0.74948, 1.3324, 1.1214, -1.2712, 0.76684, -0.72298, 2.4779, 0.89584, 0.25799, 0.42011, -0.49923, 0.19796, 0.68722, -1.42, 1.0393, -0.64802, -1.1247, 1.0867, 1.3387, 0.55336, 0.10526, 1.5216, 1.5785, 0.50121, -0.13039, 1.4736, -0.39308, -0.16383, 0.61484, 0.17021, 0.43086, 0.39575, 0.10106, 0.28946, -0.3377, -1.0876, -0.5054, -0.11109, -0.11429, 0.67405, -1.3354, -0.46167], "11": [0.33042, 0.24995, -0.60874, 0.10923, 0.036372, 0.151, -0.55083, -0.074239, -0.092307, -0.32821, 0.09598, -0.82269, -0.36717, -0.67009, 0.42909, 0.016496, -0.23573, 0.12864, -1.0953, 0.43334, 0.57067, -0.1036, 0.20422, 0.078308, -0.42795, -1.7984, -0.27865, 0.11954, -0.12689, 0.031744, 3.8631, -0.17786, -0.082434, -0.62698, 0.26497, -0.057185, -0.073521, 0.46103, 0.30862, 0.12498, -0.48609, -0.0080272, 0.031184, -0.36576, -0.42699, 0.42164, -0.11666, -0.50703, -0.027273, -0.53285], "0": [0, 0, 0, 0, 0, 0, 0, 0, 0, 0, 0, 0, 0, 0, 0, 0, 0, 0, 0, 0, 0, 0, 0, 0, 0, 0, 0, 0, 0, 0, 0, 0, 0, 0, 0, 0, 0, 0, 0, 0, 0, 0, 0, 0, 0, 0, 0, 0, 0, 0]}}