{"edges": [[0, 2], [2, 1], [2, 3], [2, 7], [6, 4], [6, 5], [3, 6], [9, 8], [9, 11], [7, 9], [7, 12], [7, 17], [11, 10], [17, 13], [17, 14], [17, 15], [17, 16]], "features": {"1": [0.086888, -0.19416, -0.24267, -0.33391, 0.56731, 0.39783, -0.97809, 0.03159, -0.61469, -0.31406, 0.56145, 0.12886, -0.84193, -0.46992, 0.47097, 0.023012, -0.59609, 0.22291, -1.1614, 0.3865, 0.067412, 0.44883, 0.17394, -0.53574, 0.17909, -2.1647, -0.12827, 0.29036, -0.15061, 0.35242, 3.124, -0.90085, -0.02567, -0.41709, 0.40565, -0.22703, 0.76829, 0.60982, 0.070068, -0.13271, -0.1201, 0.096132, -0.43998, -0.48531, -0.5188, -0.3077, -0.75028, -0.77, 0.3945, -0.16937], "2": [0.022106, -0.37986, -0.24854, -0.52531, 0.18409, -0.14138, -0.38693, 0.10206, 0.014069, 0.2995, -0.30555, 0.41664, -0.76563, 0.077208, 0.7836, 0.068687, 0.70245, 0.41951, 0.33918, -0.71566, 0.27352, 0.88339, 0.36778, 0.19037, 0.73786, -1.7281, -0.69032, -0.087871, 0.85543, -0.89427, 3.0578, 0.79509, -0.19022, -0.54251, -0.33164, 0.16021, -0.066689, 0.56369, -0.041352, -0.095785, -0.52057, -0.0386, 0.060081, 0.39183, 0.17933, -0.54933, -0.14474, 0.1363, -0.31229, 1.1079], "3": [0.92871, -0.10834, 0.21497, -0.50237, 0.10379, 0.22728, -0.54198, -0.29008, -0.64607, 0.12664, -0.41487, -0.29343, 0.36855, -0.41733, 0.69116, 0.067341, 0.19715, -0.030465, -0.21723, -1.2238, 0.0095469, 0.19594, 0.56595, -0.067473, 0.059208, -1.3909, -0.89275, -0.13546, 0.162, -0.4021, 4.1644, 0.37816, 0.15797, -0.48892, 0.23131, 0.23258, -0.25314, -0.19977, -0.12258, 0.1562, -0.31995, 0.38314, 0.47266, 0.877, 0.32223, 0.0013292, -0.4986, 0.5558, -0.70359, -0.52693], "4": [0.143, 0.26092, 0.76382, 0.35628, 0.91959, 0.49457, -0.76588, 0.064717, -0.33686, -0.28793, -0.45472, -0.58281, -1.6087, 0.41016, 0.17273, -0.17497, 0.44972, -0.50394, -0.72187, -0.69418, -0.4176, 0.44668, -0.1709, 0.019292, 0.22104, -1.5443, 0.052365, 0.3387, 0.30423, -0.34121, 2.6934, 0.33241, -0.079032, -0.18409, -0.063973, 0.064029, -0.33883, 0.54885, -0.0067208, -0.46441, -0.11413, 0.0045283, -0.0016191, 0.19871, 0.35567, 0.10761, 0.038032, -0.74866, 0.41515, -0.90085], "5": [0.418, 0.24968, -0.41242, 0.1217, 0.34527, -0.044457, -0.49688, -0.17862, -0.00066023, -0.6566, 0.27843, -0.14767, -0.55677, 0.14658, -0.0095095, 0.011658, 0.10204, -0.12792, -0.8443, -0.12181, -0.016801, -0.33279, -0.1552, -0.23131, -0.19181, -1.8823, -0.76746, 0.099051, -0.42125, -0.19526, 4.0071, -0.18594, -0.52287, -0.31681, 0.00059213, 0.0074449, 0.17778, -0.15897, 0.012041, -0.054223, -0.29871, -0.15749, -0.34758, -0.045637, -0.44251, 0.18785, 0.0027849, -0.18411, -0.11514, -0.78581], "6": [0.89474, 0.26706, -0.99777, -0.093077, 0.14339, 0.34458, -0.0051794, -0.2547, -0.51263, 0.37543, -1.2275, -0.37153, -0.20187, 0.63935, 0.91736, -0.57412, 0.17077, -0.34531, -0.50615, -0.67176, 0.79498, 1.1087, 0.070651, 0.34338, 0.5316, -0.32676, -0.98818, 0.42343, 0.56826, -0.38953, 2.3771, -0.164, 0.33474, -1.4971, -0.054898, 1.3542, 0.075598, -0.4412, -1.2376, -0.32686, -0.14877, 0.71051, -0.16225, -0.28927, 0.13426, 0.008736, 0.60883, -0.66815, -0.2774, -0.23598], "7": [0.4901, -0.060918, -0.28137, 0.49583, -0.31198, -0.51571, -0.62287, -0.78467, 0.35817, -0.46386, 0.34259, 1.1025, -0.82424, -0.55687, -0.50727, 0.41442, 0.3048, 0.88078, 0.18115, -0.25984, 0.74819, 0.17328, -0.70056, -0.66902, -0.78037, -0.9669, 0.069812, -0.42621, -0.69182, 0.44468, 3.515, 0.086417, 0.15984, -0.92266, -0.25674, 0.093431, -0.43166, -0.10357, 1.3371, -0.27792, -0.1171, -0.70383, -0.036001, 0.81326, -0.34494, -0.38249, -0.080565, 1.1267, 0.28641, 1.165], "8": [0.27724, 0.88469, -0.26247, 0.084104, 0.40813, -1.1697, -0.68522, 0.1427, -0.57345, -0.58575, -0.50834, -0.86411, -0.52596, -0.56379, 0.32862, 0.43393, -0.21248, 0.49365, -1.8137, -0.035741, 1.3227, 0.80865, 0.012217, -0.087017, -0.16813, -1.5935, 0.47034, 0.26097, -0.41666, -0.38526, 3.4413, 0.34383, -0.035895, -0.5678, 0.18377, -0.48647, 0.42646, 0.4408, 1.0931, 0.063915, -0.064305, -0.29231, 0.086502, 0.35245, 0.17891, 0.25941, 0.37069, -0.51611, 0.023163, 0.05779], "9": [0.5310943367935981, 0.6737365890578663, 0.7259562695201447, 0.49111329078140153, 0.641499286452633, 0.6187932766492219, 0.5859809144409432, 0.005162492984862044, 0.5055354337028116, 0.7963157200650347, 0.7977951396262863, 0.783498598404214, 0.4865488724496535, 0.14821005557255096, 0.24726660253117805, 0.5430773060202468, 0.46419941722284164, 0.8931460143319623, 0.6693301898920363, 0.6329115438058295, 0.8611713623312188, 0.6101100321062474, 0.8867717675377657, 0.8727555297091638, 0.650706787975579, 0.6752597156466293, 0.2635156029981055, 0.6929841653495493, 0.838673943899979, 0.3799541226758356, 0.18830215576486664, 0.11387134340520977, 0.8576929720290745, 0.7807004680587437, 0.6789834269664745, 0.4505550300694139, 0.7551911394852642, 0.3047639610011631, 0.612230121428086, 0.8857771517810673, 0.7060979723369182, 0.9787717062486548, 0.6919261584958429, 0.5809194605527569, 0.8884512672874241, 0.3676177818855112, 0.2518803073797946, 0.26278165781220764, 0.160133500977914, 0.03843150788073357], "10": [0.15272, 0.36181, -0.22168, 0.066051, 0.13029, 0.37075, -0.75874, -0.44722, 0.22563, 0.10208, 0.054225, 0.13494, -0.43052, -0.2134, 0.56139, -0.21445, 0.077974, 0.10137, -0.51306, -0.40295, 0.40639, 0.23309, 0.20696, -0.12668, -0.50634, -1.7131, 0.077183, -0.39138, -0.10594, -0.23743, 3.9552, 0.66596, -0.61841, -0.3268, 0.37021, 0.25764, 0.38977, 0.27121, 0.043024, -0.34322, 0.020339, 0.2142, 0.044097, 0.14003, -0.20079, 0.074794, -0.36076, 0.43382, -0.084617, 0.1214], "11": [0.4417, -0.81722, 0.075004, -0.87672, 0.19438, -1.2643, -0.35606, 0.88656, -0.34591, 0.18735, -0.03274, 0.28068, -0.43178, 0.2742, 1.2378, 1.3704, 0.077323, 0.14334, 0.22068, -0.3207, -0.028956, 0.48514, 0.49952, 0.49334, 1.0469, -0.33451, -0.15202, 0.53981, 0.90734, -0.41866, 0.47098, 0.5802, -0.23479, 0.46195, 0.007007, -0.45222, 0.091323, 0.6349, 0.37028, -0.4566, -0.70624, -0.37036, -0.39169, 0.87129, -0.24918, -0.28437, 0.93628, -0.4179, -0.70513, 0.59705], "12": [0.013441, 0.23682, -0.16899, 0.40951, 0.63812, 0.47709, -0.42852, -0.55641, -0.364, -0.23938, 0.13001, -0.063734, -0.39575, -0.48162, 0.23291, 0.090201, -0.13324, 0.078639, -0.41634, -0.15428, 0.10068, 0.48891, 0.31226, -0.1252, -0.037512, -1.5179, 0.12612, -0.02442, -0.042961, -0.28351, 3.5416, -0.11956, -0.014533, -0.1499, 0.21864, -0.33412, -0.13872, 0.31806, 0.70358, 0.44858, -0.080262, 0.63003, 0.32111, -0.46765, 0.22786, 0.36034, -0.37818, -0.56657, 0.044691, 0.30392], "13": [0.60308, -0.32024, 0.088857, -0.55176, 0.53182, 0.047069, -0.36246, 0.0057018, -0.37665, 0.22534, -0.13534, 0.35988, -0.42518, 0.071324, 0.77065, 0.56712, 0.41226, 0.12451, 0.1423, -0.96535, -0.39053, 0.34199, 0.56969, 0.031635, 0.69465, -1.9216, -0.67118, 0.57971, 0.86088, -0.59105, 3.7787, 0.30431, -0.043103, -0.42398, -0.063915, -0.066822, 0.061983, 0.56332, -0.22335, -0.47386, -0.47021, 0.091714, 0.14778, 0.63805, -0.14356, -0.0022928, -0.315, -0.25187, -0.26879, 0.36657], "14": [0.37597622965457445, 0.7165501117332955, 0.7522708216247761, 0.6890546733098198, 0.293417648525671, 0.34579520257769114, 0.13179365914119512, 0.4189452667753645, 0.36661323191344797, 0.14263548596876163, 0.9833703080608547, 0.07845956051423641, 0.2817944017315016, 0.7217154192668014, 0.336019286848252, 0.9564987826243828, 0.2142965339544446, 0.7391080052828861, 0.8796941839029778, 0.4184721807128323, 0.4891964138755439, 0.9738719069410043, 0.0536280548317245, 0.2645886570687115, 0.3123001004843208, 0.9442028928871553, 0.46811989453392133, 0.46413310704135835, 0.3494087613484823, 0.4017908974102482, 0.3618536777130913, 0.553811014590307, 0.8676665950477412, 0.8410808514180037, 0.6962776517769808, 0.9439107325242649, 0.7511448005692539, 0.8817146413752218, 0.24731713311049586, 0.21921904169835738, 0.2762563357168525, 0.627579710381213, 0.9179247039605791, 0.6240854881228617, 0.8389069014474441, 0.6887341784167597, 0.2955677828564598, 0.2683061714645999, 0.2684492439160102, 0.9866721191032987],