{"edges": [[0, 2], [2, 1], [2, 3], [2, 8], [2, 9], [2, 10], [2, 15], [8, 4], [8, 5], [8, 6], [8, 7], [15, 11], [15, 12], [15, 13], [15, 14], [15, 18], [18, 16], [18, 17]], "features": {"1": [0.15272, 0.36181, -0.22168, 0.066051, 0.13029, 0.37075, -0.75874, -0.44722, 0.22563, 0.10208, 0.054225, 0.13494, -0.43052, -0.2134, 0.56139, -0.21445, 0.077974, 0.10137, -0.51306, -0.40295, 0.40639, 0.23309, 0.20696, -0.12668, -0.50634, -1.7131, 0.077183, -0.39138, -0.10594, -0.23743, 3.9552, 0.66596, -0.61841, -0.3268, 0.37021, 0.25764, 0.38977, 0.27121, 0.043024, -0.34322, 0.020339, 0.2142, 0.044097, 0.14003, -0.20079, 0.074794, -0.36076, 0.43382, -0.084617, 0.1214], "2": [0.418, 0.24968, -0.41242, 0.1217, 0.34527, -0.044457, -0.49688, -0.17862, -0.00066023, -0.6566, 0.27843, -0.14767, -0.55677, 0.14658, -0.0095095, 0.011658, 0.10204, -0.12792, -0.8443, -0.12181, -0.016801, -0.33279, -0.1552, -0.23131, -0.19181, -1.8823, -0.76746, 0.099051, -0.42125, -0.19526, 4.0071, -0.18594, -0.52287, -0.31681, 0.00059213, 0.0074449, 0.17778, -0.15897, 0.012041, -0.054223, -0.29871, -0.15749, -0.34758, -0.045637, -0.44251, 0.18785, 0.0027849, -0.18411, -0.11514, -0.78581], "3": [0.83799, -0.27212, -0.54917, 0.057795, -0.67752, 0.12524, -0.8496, 0.30688, 0.2404, 0.30014, -0.029174, -0.10475, -0.41522, 0.64239, 1.2224, 0.04406, -0.036081, 0.30294, -1.0723, 0.21164, 1.4673, 1.062, 0.39495, 0.41262, 0.39091, -0.39443, -0.13635, 0.18882, 0.48892, -0.58637, 1.5993, -0.15931, -0.021042, -1.1915, 0.31088, 1.0303, 0.69051, 0.011284, -0.79225, -0.17111, -0.51625, 0.44408, -0.23, -0.94303, -0.58644, -1.0385, 0.54689, -0.7854, -0.4194, 0.62114], "4": [0.70853, 0.57088, -0.4716, 0.18048, 0.54449, 0.72603, 0.18157, -0.52393, 0.10381, -0.17566, 0.078852, -0.36216, -0.11829, -0.83336, 0.11917, -0.16605, 0.061555, -0.012719, -0.56623, 0.013616, 0.22851, -0.14396, -0.067549, -0.38157, -0.23698, -1.7037, -0.86692, -0.26704, -0.2589, 0.1767, 3.8676, -0.1613, -0.13273, -0.68881, 0.18444, 0.0052464, -0.33874, -0.078956, 0.24185, 0.36576, -0.34727, 0.28483, 0.075693, -0.062178, -0.38988, 0.22902, -0.21617, -0.22562, -0.093918, -0.80375], "5": [0.12817, 0.15858, -0.38843, -0.39108, 0.68366, 0.00081259, -0.22981, -0.63358, -0.27663, 0.40934, -0.65128, 0.8461, -0.9904, 0.20696, 1.2567, 0.064774, 0.65813, 0.39954, 0.076104, -0.54083, -0.32438, 0.8456, 0.17273, -0.13504, 0.39626, -2.3358, -1.6576, 0.59957, 1.0876, -1.0118, 3.33, 0.075853, -0.65637, -0.015799, -0.85429, -0.47358, 0.082404, -0.69719, 0.46647, -0.32044, -0.45517, 0.30804, 0.07502, -0.021783, 0.10823, -0.03306, -0.2514, 0.088184, -0.22215, 1.4971], "6": [0.2928052479534171, 0.5403530206929343, 0.6396183533838397, 0.3815914053768352, 0.7496003494102431, 0.5112956298121037, 0.31716272912912846, 0.6501517067093677, 0.07705316289624109, 0.36865460943008566, 0.2358654687442433, 0.07226080007203939, 0.9189060904882458, 0.7195102196538081, 0.39751224041608335, 0.20719114092690938, 0.7006644376424765, 0.27555550325296463, 0.9667151079301375, 0.11362943574915352, 0.32065704434644793, 0.08353244878955457, 0.8375889337757448, 0.6976375577097975, 0.19324200795837287, 0.4442971656863779, 0.017680117919208094, 0.06119300510323533, 0.371449180389143, 0.4411640351261007, 0.4047537503357691, 0.43796924975196894, 0.6984805144029067, 0.03841063557539037, 0.2815628670132895, 0.9317730886644547, 0.2732572883829767, 0.12772298914426872, 0.03818008102010273, 0.4267157601645054, 0.021868256716998546, 0.05650056038444817, 0.9324281376188869, 0.528935456598861, 0.5980258860371971, 0.24020722938580208, 0.04787200552063153, 0.30142628845466646, 0.9565240810468282, 0.9666159574943246], "7": [0.23727, 0.40478, -0.20547, 0.58805, 0.65533, 0.32867, -0.81964, -0.23236, 0.27428, 0.24265, 0.054992, 0.16296, -1.2555, -0.086437, 0.44536, 0.096561, -0.16519, 0.058378, -0.38598, 0.086977, 0.0033869, 0.55095, -0.77697, -0.62096, 0.092948, -2.5685, -0.67739, 0.10151, -0.48643, -0.057805, 3.1859, -0.017554, -0.16138, 0.055486, -0.25885, -0.33938, -0.19928, 0.26049, 0.10478, -0.55934, -0.12342, 0.65961, -0.51802, -0.82995, -0.082739, 0.28155, -0.423, -0.27378, -0.007901, -0.030231], "8": [0.5572370575384219, 0.48182049366171975, 0.5733120542833571, 0.8029137426766565, 0.6449347656071877, 0.6662181048168869, 0.9851634246319507, 0.3996959020014149, 0.46139560846695393, 0.2473375346825627, 0.6948895019680191, 0.1161756621310649, 0.10740694354191027, 0.6373686936016247, 0.7822968798224597, 0.3027543114771072, 0.088138468870814, 0.8781932635902971, 0.2062308169922754, 0.7979353830658018, 0.8534918028507069, 0.5929669639875018, 0.6992944127057895, 0.6765485861920065, 0.2870626607258432, 0.05695090939443026, 0.41735793067753846, 0.4320501707361477, 0.6882488959806925, 0.5952320908712266, 0.17841157191452273, 0.5508817246793257, 0.05871093099148206, 0.8166172124417864, 0.9581655749551921, 0.821821807054051, 0.41610573851409616, 0.6558543999327215, 0.10120413205611956, 0.2579392201914388, 0.8561874859341956, 0.009836791765338582, 0.6993808395911497, 0.8278989003341183, 0.2607198840508307, 0.31259763329090684, 0.8531331936525597, 0.5557688226279349, 0.2805376995047274, 0.40823170646617013], "9": [0.013441, 0.23682, -0.16899, 0.40951, 0.63812, 0.47709, -0.42852, -0.55641, -0.364, -0.23938, 0.13001, -0.063734, -0.39575, -0.48162, 0.23291, 0.090201, -0.13324, 0.078639, -0.41634, -0.15428, 0.10068, 0.48891, 0.31226, -0.1252, -0.037512, -1.5179, 0.12612, -0.02442, -0.042961, -0.28351, 3.5416, -0.11956, -0.014533, -0.1499, 0.21864, -0.33412, -0.13872, 0.31806, 0.70358, 0.44858, -0.080262, 0.63003, 0.32111, -0.46765, 0.22786, 0.36034, -0.37818, -0.56657, 0.044691, 0.30392], "10": [0.0028594, 0.19457, -0.19449, -0.037583, 0.9634, 0.099237, -0.27993, -0.71535, -0.28148, 0.073535, -0.47299, 0.85916, -1.1857, 0.12859, 1.419, 0.23505, 0.77673, 0.22569, 0.20118, -0.62546, -0.53357, 0.90877, 0.14301, -0.31878, 0.612, -2.1162, -1.1655, 0.49382, 0.87872, -0.77584, 3.1332, 0.021558, -0.4612, 0.0059404, -0.84945, -0.38848, 0.086459, -0.39445, 0.83242, 0.062272, -0.49093, 0.68111, 0.087143, -0.23992, 0.22192, -0.12472, -0.28543, 0.043905, -0.22286, 1.6923], "11": [0.21705, 0.46515, -0.46757, 0.10082, 1.0135, 0.74845, -0.53104, -0.26256, 0.16812, 0.13182, -0.24909, -0.44185, -0.21739, 0.51004, 0.13448, -0.43141, -0.03123, 0.20674, -0.78138, -0.20148, -0.097401, 0.16088, -0.61836, -0.18504, -0.12461, -2.2526, -0.22321, 0.5043, 0.32257, 0.15313, 3.9636, -0.71365, -0.67012, 0.28388, 0.21738, 0.14433, 0.25926, 0.23434, 0.4274, -0.44451, 0.13813, 0.36973, -0.64289, 0.024142, -0.039315, -0.26037, 0.12017, -0.043782, 0.41013, 0.1796], "12": [0.554670733083611, 0.15356880825077635, 0.26415474397907357, 0.3763082753222521, 0.1809894274455377, 0.7431241489646646, 0.10499784142696966, 0.531509326022678, 0.18109068047337118, 0.3157048095847661, 0.877813225115317, 0.45185923705424846, 0.7232912137751005, 0.16230356596568551, 0.38794530598987476, 0.6951678759509319, 0.7744392234437535, 0.755919096252977, 0.8072283332546416, 0.5538490378713223, 0.6376227987317562, 0.3364089368441888, 0.3478573486591393, 0.812926913423462, 0.9704737799709837, 0.16927119093744503, 0.5781634959957458, 0.09776308576901871, 0.3412782817797875, 0.510333124595472, 0.7244797095572869, 0.768199184814879, 0.7359170874261591, 0.12042014051889394, 0.001055058084894478, 0.0032694972157937263, 0.93891273112742, 0.435818128667831, 0.876012099693029, 0.3179572740108154, 0.2887901908270417, 0.3449541388820806, 0.9348021529945288, 0.2387352870813192, 0.3606963336514073, 0.004544605092387188, 0.878259942538057, 0.4418701131760323, 0.7530433759328581, 0.4645909210502841],