{"edges": [[0, 3], [3, 1], [3, 2], [3, 6], [6, 4], [6, 5], [6, 7], [6, 8], [8, 9], [8, 10], [8, 11], [8, 12], [12, 13], [12, 14]], "features": {"1": [0.013441, 0.23682, -0.16899, 0.40951, 0.63812, 0.47709, -0.42852, -0.55641, -0.364, -0.23938, 0.13001, -0.063734, -0.39575, -0.48162, 0.23291, 0.090201, -0.13324, 0.078639, -0.41634, -0.15428, 0.10068, 0.48891, 0.31226, -0.1252, -0.037512, -1.5179, 0.12612, -0.02442, -0.042961, -0.28351, 3.5416, -0.11956, -0.014533, -0.1499, 0.21864, -0.33412, -0.13872, 0.31806, 0.70358, 0.44858, -0.080262, 0.63003, 0.32111, -0.46765, 0.22786, 0.36034, -0.37818, -0.56657, 0.044691, 0.30392], "2": [0.8561955367897255, 0.5068502731209172, 0.7052262678232571, 0.8090221045579772, 0.4269953282367047, 0.3255311686812359, 0.13691523912504944, 0.1429777351137509, 0.6453349499220801, 0.7253563907171234, 0.8606300566740424, 0.8671866394401232, 0.5229951220155357, 0.8732120959402612, 0.1955895144191533, 0.19558928847789425, 0.4410830335091416, 0.7390591836725424, 0.25979629738425625, 0.2805310324966235, 0.9753088759561657, 0.17341691348177946, 0.49442238975626573, 0.18063880825344392, 0.48663629288336485, 0.4831114903476098, 0.6930585865960277, 0.5856168461332478, 0.4927719359702113, 0.9971283234548993, 0.3259634787711947, 0.7781799984329605, 0.34165800616878916, 0.48422307000579, 0.47061260515730385, 0.5587539605711502, 0.8178103882000657, 0.010978079103965643, 0.6689798283607821, 0.4536125057393512, 0.133873294949592, 0.48699402862018637, 0.3104770532520954, 0.32534379632475874, 0.3968026008294231, 0.5574072685865931, 0.9620293068599024, 0.884421678026392, 0.6209496582677754, 0.5704182754825932], "3": [0.17340143010485654, 0.9788506804194872, 0.2607848046464849, 0.9455448996020126, 0.18296273304530597, 0.9718535961571254, 0.9253758698392933, 0.8632360056831692, 0.305421488989955, 0.1587860807327638, 0.4191811242123331, 0.7205805495710106, 0.6135249729554927, 0.30834666231200425, 0.19968320391161043, 0.7288872614941749, 0.03859079799854914, 0.18584975660597847, 0.3671702179593821, 0.13365146034957232, 0.5227527273855973, 0.8487955198668842, 0.7900967050498667, 0.8779313603164914, 0.4515205758944302, 0.07597044757474092, 0.021566102018837796, 0.10119180932400984, 0.614707348359987, 0.6534423664349516, 0.21207448221625536, 0.1888922191908905, 0.2047105756339761, 0.9841262753700541, 0.7509065493057537, 0.4956333196453131, 0.9543006126743242, 0.7593585293398275, 0.03246567492783581, 0.7731242153512718, 0.43701392245744863, 0.07454868999047004, 0.5842670576513029, 0.9464101758259952, 0.5249125658857486, 0.878669252280724, 0.5230833255590107, 0.1560367404577151, 0.0958809093443177, 0.8776645260141233], "4": [0.19240763471551825, 0.250268094987537, 0.690422430690006, 0.8261497076133685, 0.6303198446543898, 0.5926077223424585, 0.055537864344766485, 0.8295033287921311, 0.8975395919427178, 0.7773075874229932, 0.5608942688802412, 0.44528652703779725, 0.2329836129168189, 0.26679331836545805, 0.7134266540146144, 0.9903819579052807, 0.23356496921361558, 0.5396204560857918, 0.8521131933551491, 0.9391500969009924, 0.5606747194989233, 0.9697662620199323, 0.6277965454126124, 0.06192405168143866, 0.7811627797654798, 0.9279673184630973, 0.370051996761087, 0.3068126616457445, 0.8999553160658962, 0.9916989793123298, 0.9410524405944374, 0.4651004534227893, 0.975987552575721, 0.8630073497005628, 0.7183610376094605, 0.06706154538118758, 0.12706738730671718, 0.9942915144061697, 0.795175957744497, 0.4973955994976237, 0.8112021356204872, 0.06279444209572305, 0.8975502979881081, 0.9252003299660764, 0.5697392965683183, 0.6164739313534899, 0.024412187031745636, 0.5077271357225198, 0.2573726720548133, 0.6732712170285683], "5": [0.3075598184996271, 0.5851392506536957, 0.7425939876912737, 0.005590186660636376, 0.4934067461808097, 0.5318943288437051, 0.997787558933728, 0.7617566426517233, 0.595116823057532, 0.6476183434993991, 0.41602750134422717, 0.0034647317664905364, 0.9957184611134757, 0.9460687148679953, 0.2902654487116485, 0.7510577751033826, 0.5553710749953881, 0.4989253548639647, 0.3969246794526371, 0.8533611960929468, 0.6484923709510931, 0.8962275056590249, 0.31593680666864554, 0.15077173509743147, 0.7148399738587391, 0.34148164506498146, 0.8727370924111582, 0.7845954611001992, 0.9595298677758792, 0.45841005366776744, 0.2966625821640273, 0.0932476848148377, 0.2477808666229968, 0.08738472029954103, 0.44512381518885547, 0.2389091272699736, 0.08070112481216407, 0.022278146819907807, 0.4636862205491241, 0.22070077274413702, 0.6060950748206444, 0.9639430058629016, 0.08594354288413664, 0.9935128804760428, 0.5636203028166205, 0.8978045906936859, 0.533285422831076, 0.2757315309751427, 0.9257590709373963, 0.2575046465034302], "6": [0.9965517261323675, 0.2919079592209558, 0.4970684864557753, 0.7893354299408625, 0.6294888947352768, 0.3141035753098541, 0.717080064024341, 0.9253827348629228, 0.3637343102646794, 0.7963227613812686, 0.1330718467742228, 0.5207041857450367, 0.9682079899224284, 0.06766125054406114, 0.2737643651332258, 0.24480804259776046, 0.08943096823865448, 0.8673949627731068, 0.8405999624786137, 0.5233427345279711, 0.4856994116128833, 0.2416283525622126, 0.7951545363977194, 0.681734371810393, 0.8064714605821414, 0.025064919833072907, 0.06340652421296344, 0.3397592845227787, 0.37119727204033415, 0.6079027496568676, 0.6838795924296687, 0.01173163146977585, 0.6914075297058949, 0.06592186146434187, 0.7255365423063613, 0.8277061864215393, 0.0763136987139319, 0.6847791929009883, 0.8373407337643322, 0.9563278628856562, 0.93663140058682, 0.6308703849644456, 0.7766409310271861, 0.18431855565010768, 0.47794162744736657, 0.10326529446887622, 0.5686234493576768, 0.3429723445160553, 0.851322043533271, 0.6927317262698747], "7": [0.013441, 0.23682, -0.16899, 0.40951, 0.63812, 0.47709, -0.42852, -0.55641, -0.364, -0.23938, 0.13001, -0.063734, -0.39575, -0.48162, 0.23291, 0.090201, -0.13324, 0.078639, -0.41634, -0.15428, 0.10068, 0.48891, 0.31226, -0.1252, -0.037512, -1.5179, 0.12612, -0.02442, -0.042961, -0.28351, 3.5416, -0.11956, -0.014533, -0.1499, 0.21864, -0.33412, -0.13872, 0.31806, 0.70358, 0.44858, -0.080262, 0.63003, 0.32111, -0.46765, 0.22786, 0.36034, -0.37818, -0.56657, 0.044691, 0.30392], "8": [0.778468123582544, 0.39379211472209796, 0.7526793454918627, 0.8052121543840601, 0.04695617206451752, 0.8663942693189784, 0.6945600286739215, 0.04224138161165836, 0.5581764490661367, 0.4433853838630779, 0.5117084168352497, 0.3963691267054108, 0.964481947289866, 0.7476554575256791, 0.8604365093328236, 0.5078735858958159, 0.18775836755486053, 0.5026523581881895, 0.35995010326692944, 0.5911806865417218, 0.9082448595182713, 0.6631662913641458, 0.2782490698923038, 0.7677704554541613, 0.39678577574214746, 0.3260464589150741, 0.9043504195307388, 0.40233660571321916, 0.5239321265272089, 0.7260278357238071, 0.018943532720876344, 0.08166460831271893, 0.8690307507291721, 0.3799033676145246, 0.1497835506242735, 0.4494490447775269, 0.37852843500648203, 0.22108836688125366, 0.015186147176777909, 0.10841550254519638, 0.2501269804814452, 0.10898167234728195, 0.6616481348308111, 0.9618848724618666, 0.8227299216771105, 0.9540358741646677, 0.8844077431728337, 0.32968909773735433, 0.5526214341155276, 0.43698407601086264], "9": [0.013441, 0.23682, -0.16899, 0.40951, 0.63812, 0.47709, -0.42852, -0.55641, -0.364, -0.23938, 0.13001, -0.063734, -0.39575, -0.48162, 0.23291, 0.090201, -0.13324, 0.078639, -0.41634, -0.15428, 0.10068, 0.48891, 0.31226, -0.1252, -0.037512, -1.5179, 0.12612, -0.02442, -0.042961, -0.28351, 3.5416, -0.11956, -0.014533, -0.1499, 0.21864, -0.33412, -0.13872, 0.31806, 0.70358, 0.44858, -0.080262, 0.63003, 0.32111, -0.46765, 0.22786, 0.36034, -0.37818, -0.56657, 0.044691, 0.30392],