{"edges": [[0, 5], [5, 1], [5, 2], [5, 3], [5, 4], [5, 8], [5, 10], [8, 6], [8, 7], [10, 9], [10, 12], [12, 11]], "features": {"1": [0.7048, 0.22261, 0.086997, -0.21241, -0.089356, 0.43742, -0.2817, 0.13378, -0.50859, -0.18242, 0.49506, 0.42461, 0.046785, -0.50121, 0.84621, 1.0146, -0.43954, -0.65499, -0.64706, -0.23365, 0.27612, -0.63294, 0.91064, 0.033327, -0.058451, -1.6059, -0.34741, -0.36285, 0.46723, 0.244, 3.4249, 0.056168, -0.71991, -0.88332, 0.33741, -0.53236, 0.33991, 0.023837, 0.2384, -0.38713, -0.49621, -0.14846, 0.046201, 0.10325, 0.17374, 0.13763, 0.084989, -0.39688, 0.17632, 0.31862], "2": [0.91102, -0.22872, 0.2077, -0.20237, 0.50697, -0.057893, -0.41729, -0.075341, -0.30454, -0.003286, 0.44481, 0.41818, -0.33409, 0.032917, 0.98872, 0.91984, 0.40521, 0.01925, -0.1052, -0.79865, -0.36403, -0.087995, 0.72182, 0.11114, 0.2153, -1.9411, -0.26376, 0.4455, 0.27586, -0.21104, 4.0212, -0.061943, -0.32134, -0.81922, 0.2108, -0.20414, 0.72625, 0.47517, -0.39853, -0.39168, -0.34581, 0.025928, 0.13072, 0.73562, -0.15199, -0.18439, -0.67128, 0.16692, -0.050063, 0.19241], "3": [0.418, 0.24968, -0.41242, 0.1217, 0.34527, -0.044457, -0.49688, -0.17862, -0.00066023, -0.6566, 0.27843, -0.14767, -0.55677, 0.14658, -0.0095095, 0.011658, 0.10204, -0.12792, -0.8443, -0.12181, -0.016801, -0.33279, -0.1552, -0.23131, -0.19181, -1.8823, -0.76746, 0.099051, -0.42125, -0.19526, 4.0071, -0.18594, -0.52287, -0.31681, 0.00059213, 0.0074449, 0.17778, -0.15897, 0.012041, -0.054223, -0.29871, -0.15749, -0.34758, -0.045637, -0.44251, 0.18785, 0.0027849, -0.18411, -0.11514, -0.78581], "4": [-0.14168, 0.41108, -0.31227, 0.16633, 0.26124, 0.45708, -1.2001, 0.014923, -0.22779, -0.16937, 0.34633, -0.12419, -0.65711, 0.29226, 0.62407, -0.57916, -0.33947, -0.22046, -1.4832, 0.28958, 0.081396, -0.21696, 0.0056613, -0.054199, 0.098504, -1.5874, -0.22867, -0.62957, -0.39542, -0.080841, 3.5949, -0.16872, -0.39024, 0.026912, 0.52646, -0.022844, 0.63289, 0.62702, -0.22171, -0.45045, -0.14998, -0.27723, -0.46658, -0.44268, -0.43691, 0.38455, 0.1369, -0.25424, 0.017821, -0.1489], "5": [0.62583, -0.57703, 0.41163, 0.86812, -0.083097, 0.26555, -1.48, -0.38792, 0.42727, 0.1168, 0.7839, 0.81352, -0.78763, -0.6544, -0.099214, 0.20658, -0.73315, 0.86418, -0.26917, -0.93792, 1.919, -0.17473, -0.61905, -0.5035, -0.9341, -1.6755, -0.79399, -0.32003, -0.067678, -0.12344, 3.2909, -0.43151, 0.3879, 0.38733, -0.018419, -0.98191, -0.53189, 0.39866, 0.89452, -0.40963, 0.58922, -0.52377, 0.27893, -0.25766, -0.30457, -0.066305, -1.1221, 0.21582, -0.15586, 0.64018], "6": [0.62362, -0.13994, 0.68685, 0.026901, -0.23631, -0.041719, -0.595, -1.2826, 1.5907, 0.55325, 0.48805, -0.38244, -0.18604, -0.14759, 0.88971, -0.3269, -0.39172, 0.086024, -0.75228, -0.32847, 0.51208, -0.20732, 0.14365, 0.11187, -0.62924, -0.41618, -0.44402, -0.87674, -0.39714, 0.81812, 2.9645, 0.80922, 0.98436, -0.46072, -1.0575, -0.4695, -0.26975, -0.59218, -0.61241, -0.18097, -0.17874, -0.3446, 0.53393, 0.25027, 0.58922, 0.85145, -0.7458, 0.13807, -1.3221, -0.019472], "7": [0.68047, -0.039263, 0.30186, -0.17792, 0.42962, 0.032246, -0.41376, 0.13228, -0.29847, -0.085253, 0.17118, 0.22419, -0.10046, -0.43653, 0.33418, 0.67846, 0.057204, -0.34448, -0.42785, -0.43275, 0.55963, 0.10032, 0.18677, -0.26854, 0.037334, -2.0932, 0.22171, -0.39868, 0.20912, -0.55725, 3.8826, 0.47466, -0.95658, -0.37788, 0.20869, -0.32752, 0.12751, 0.088359, 0.16351, -0.21634, -0.094375, 0.018324, 0.21048, -0.03088, -0.19722, 0.082279, -0.09434, -0.073297, -0.064699, -0.26044], "8": [1.0685, 0.67702, 0.12728, 0.26755, 0.14107, -0.10997, -0.99775, -0.16944, -0.097028, 0.77214, -0.23949, 0.27231, 0.41634, -0.41062, 0.18607, 0.72353, -0.046087, -0.21078, 0.29083, -0.88879, 0.89093, 0.59966, -0.39714, -0.093733, -0.41351, -1.0497, 0.094512, -0.3727, -0.20549, -0.40903, 3.3661, 0.93074, -0.5522, 0.32474, 0.73872, -0.6526, -0.12432, 0.078921, -0.40239, -0.80085, 0.62803, -0.06116, 0.28775, 0.68145, -0.13833, 0.037856, -0.40941, 1.5338, -0.33182, 0.40558], "9": [0.21705, 0.46515, -0.46757, 0.10082, 1.0135, 0.74845, -0.53104, -0.26256, 0.16812, 0.13182, -0.24909, -0.44185, -0.21739, 0.51004, 0.13448, -0.43141, -0.03123, 0.20674, -0.78138, -0.20148, -0.097401, 0.16088, -0.61836, -0.18504, -0.12461, -2.2526, -0.22321, 0.5043, 0.32257, 0.15313, 3.9636, -0.71365, -0.67012, 0.28388, 0.21738, 0.14433, 0.25926, 0.23434, 0.4274, -0.44451, 0.13813, 0.36973, -0.64289, 0.024142, -0.039315, -0.26037, 0.12017, -0.043782, 0.41013, 0.1796], "10": [0.39715, -1.0388, 1.4234, 1.1098, 0.12195, 0.32569, -0.091495, -0.66146, 0.87779, 0.451, 1.2727, -0.47998, -0.18594, 0.50649, -0.33155, 0.65023, -1.951, 0.63685, 0.62619, -0.86499, 0.68117, -0.99698, -1.0686, 0.65532, -0.043401, -0.3116, -0.42755, -0.32086, 0.25591, -0.02781, 1.2143, 0.8419, 0.58799, 1.3796, -0.1095, -0.64391, -0.22001, 0.48841, -0.67286, -0.40083, 0.74718, -0.30015, -0.51198, 0.089117, 0.80565, 0.086182, 0.74259, 0.53385, -0.48099, 0.13142], "11": [0.44515, 0.14297, -0.31849, 0.93227, 0.15758, 0.10426, -0.86868, -1.0764, 0.55314, 0.30039, 0.50631, 0.014296, -0.31297, -0.28746, -0.57734, 0.033763, -0.22912, 0.45513, -0.57208, 0.12396, 0.76135, 0.20192, -0.31061, 0.27998, -1.039, -1.6102, -0.96987, -0.50075, -0.68246, -0.13174, 3.2179, -0.80151, -0.12665, -0.67749, 0.35736, -0.91313, -0.55365, -0.070563, 0.20915, 0.11336, 0.66136, -0.087329, 0.41196, -0.080373, -0.061894, 0.38201, -0.21459, 0.86345, -0.11521, 0.54568], "12": [0.30045, 0.25006, -0.16692, 0.1923, 0.026921, -0.079486, -0.91383, -0.1974, -0.053413, -0.40846, -0.26844, -0.28212, -0.5, 0.1221, 0.3903, 0.17797, -0.4429, -0.40478, -0.9505, -0.16897, 0.77793, 0.33525, 0.3346, -0.1754, -0.12017, -1.7861, 0.29241, 0.55933, 0.029982, -0.32417, 3.9297, 0.1088, -0.57335, -0.17842, 0.0041748, -0.16309, 0.45077, -0.16123, -0.17311, -0.087889, -0.089032, 0.062001, -0.19946, -0.38863, -0.18232, 0.060751, 0.098603, -0.07131, 0.23052, -0.51939], "0": [0, 0, 0, 0, 0, 0, 0, 0, 0, 0, 0, 0, 0, 0, 0, 0, 0, 0, 0, 0, 0, 0, 0, 0, 0, 0, 0, 0, 0, 0, 0, 0, 0, 0, 0, 0, 0, 0, 0, 0, 0, 0, 0, 0, 0, 0, 0, 0, 0, 0]}}