{"edges": [[0, 5], [5, 1], [5, 2], [5, 3], [5, 4], [5, 6], [5, 8], [8, 7], [8, 10], [10, 9], [10, 11]], "features": {"1": [0.6662968888197425, 0.9801858090528538, 0.10410798259838261, 0.5544533121025137, 0.8965023266064716, 0.08775499895064709, 0.46549538598707363, 0.6320992335177834, 0.5770697974430521, 0.7455620752102807, 0.03595198603223004, 0.20067168328409524, 0.1582404591764326, 0.5919727102760706, 0.46633142929522287, 0.26059952666776665, 0.19234823593878603, 0.3407655061835281, 0.21012954886462176, 0.5600849906211228, 0.6508758305475387, 0.9130176097163418, 0.9667578065548265, 0.5770714442647034, 0.4006179358174675, 0.522272815916756, 0.7332147358764887, 0.19576050877983853, 0.8311144248187452, 0.7582189888718314, 0.3984688698018858, 0.44685715128690995, 0.3421186482066523, 0.8884983281591823, 0.9706700002282997, 0.17392031466768954, 0.7382259859270729, 0.8490336252604777, 0.6443936159666797, 0.7400887036838121, 0.5783848197019009, 0.44434420597984114, 0.48384014911335416, 0.8779132336815049, 0.7918156813184211, 0.1851534510196824, 0.303772718966546, 0.6790080574446343, 0.6116402652516708, 0.19765958697470076], "2": [0.013441, 0.23682, -0.16899, 0.40951, 0.63812, 0.47709, -0.42852, -0.55641, -0.364, -0.23938, 0.13001, -0.063734, -0.39575, -0.48162, 0.23291, 0.090201, -0.13324, 0.078639, -0.41634, -0.15428, 0.10068, 0.48891, 0.31226, -0.1252, -0.037512, -1.5179, 0.12612, -0.02442, -0.042961, -0.28351, 3.5416, -0.11956, -0.014533, -0.1499, 0.21864, -0.33412, -0.13872, 0.31806, 0.70358, 0.44858, -0.080262, 0.63003, 0.32111, -0.46765, 0.22786, 0.36034, -0.37818, -0.56657, 0.044691, 0.30392], "3": [0.60308, -0.32024, 0.088857, -0.55176, 0.53182, 0.047069, -0.36246, 0.0057018, -0.37665, 0.22534, -0.13534, 0.35988, -0.42518, 0.071324, 0.77065, 0.56712, 0.41226, 0.12451, 0.1423, -0.96535, -0.39053, 0.34199, 0.56969, 0.031635, 0.69465, -1.9216, -0.67118, 0.57971, 0.86088, -0.59105, 3.7787, 0.30431, -0.043103, -0.42398, -0.063915, -0.066822, 0.061983, 0.56332, -0.22335, -0.47386, -0.47021, 0.091714, 0.14778, 0.63805, -0.14356, -0.0022928, -0.315, -0.25187, -0.26879, 0.36657], "4": [0.30574867356067037, 0.17326629472804522, 0.5972102439031632, 0.10310990501540551, 0.2318464610568408, 0.7063909237821909, 0.8562094734486174, 0.8033271961920276, 0.809454829304717, 0.5754050337862952, 0.6513935789910474, 0.7572917057333, 0.5120244465645998, 0.7205115748148564, 0.6186865972880284, 0.7426142594128962, 0.670821456464162, 0.4277182193164123, 0.1523999857296502, 0.7510282323747625, 0.6680248073877063, 0.46494492946992005, 0.19053745902650887, 0.40006545550825634, 0.3923657893913264, 0.584675816677905, 0.3110162375537411, 0.8918592831996972, 0.2395983079178744, 0.038404855359929435, 0.9475168916431758, 0.5472817272841254, 0.7657320843176552, 0.5611980323079905, 0.197374511483985, 0.7724559130620567, 0.9851163687118053, 0.9312363304806023, 0.5092658002043864, 0.8606135633314298, 0.9184935499774517, 0.9347137210637589, 0.5655592208536092, 0.5217634021548275, 0.6650139810011362, 0.6611463754342869, 0.22598452750736409, 0.7432587542945082, 0.912674474753622, 0.446792323990029], "5": [0.94911, -0.34968, 0.48125, -0.19306, -0.0088384, 0.28182, -0.9613, -0.13581, -0.43083, -0.092933, 0.15689, 0.059585, -0.49635, -0.17414, 0.75661, 0.4921, 0.21773, -0.22778, -0.13686, -0.90589, -0.48781, 0.19919, 0.91447, -0.16203, -0.20645, -1.7312, -0.47622, -0.04854, -0.14027, -0.45828, 4.0326, 0.6052, 0.10448, -0.7361, 0.2485, -0.033461, -0.13395, 0.052782, -0.27268, 0.079825, -0.80127, 0.30831, 0.43567, 0.88747, 0.29816, -0.02465, -0.95075, 0.36233, -0.72512, -0.6089], "6": [0.028702, -0.2163, 0.27153, -0.28594, 0.42404, -0.18155, -0.85966, 0.30447, -0.51645, 0.3559, -0.10131, 0.8152, -0.77987, -0.044123, 1.3768, 0.96711, 0.59098, -0.16521, 0.094372, -1.2292, -0.59056, 0.42275, 0.52645, 0.17536, 0.62117, -2.3875, -0.90795, 0.26418, 1.1507, -1.4289, 3.511, 0.96796, -0.5905, -0.21382, -0.13049, -0.34336, 0.15822, 0.2306, 0.55332, -0.59173, -0.4403, 0.23583, 0.082353, 0.83847, 0.26719, 0.063263, -0.080607, 0.018159, -0.22789, 1.0025], "7": [0.51292, 0.09032, 0.023552, 0.21438, 0.70226, 0.5623, 0.11839, 0.25641, -0.039706, 0.095389, -0.015477, 0.37808, -0.1616, -0.18322, 0.80726, 0.521, 0.40167, -0.51684, -0.056347, -0.95212, 0.042801, -0.082442, 0.23867, -0.10777, 0.12598, -2.033, -0.48642, -0.018917, 1.0034, -0.16553, 3.8562, 0.10825, -0.81231, -0.82064, 0.098151, -0.025282, 0.27985, -0.28044, -0.40594, -0.14185, 0.0028418, -0.046259, 0.093178, 0.9383, -0.039413, -0.35659, -0.33987, 1.1585, 0.29796, 0.075048], "8": [-0.067512, 0.29494, 0.20235, -0.59841, 0.43585, -0.0032223, 0.43758, -0.1124, -0.20145, 0.42289, -0.0985, 0.1408, -0.058554, -0.27835, 0.84768, 0.53055, 0.55419, -0.067955, -0.096425, -0.73339, -0.41117, -0.4301, 0.29693, 0.16367, 0.48379, -1.3559, -0.68909, 0.34702, 1.1119, 0.034287, 3.0064, 0.60957, -0.24457, -0.11537, -0.23676, -0.61456, 0.20144, -0.20736, -0.071819, -0.19848, -0.47482, -0.0034087, 0.19635, 0.65044, -0.45632, -0.26454, 0.17555, 0.33774, 0.031319, 0.68001], "9": [0.68047, -0.039263, 0.30186, -0.17792, 0.42962, 0.032246, -0.41376, 0.13228, -0.29847, -0.085253, 0.17118, 0.22419, -0.10046, -0.43653, 0.33418, 0.67846, 0.057204, -0.34448, -0.42785, -0.43275, 0.55963, 0.10032, 0.18677, -0.26854, 0.037334, -2.0932, 0.22171, -0.39868, 0.20912, -0.55725, 3.8826, 0.47466, -0.95658, -0.37788, 0.20869, -0.32752, 0.12751, 0.088359, 0.16351, -0.21634, -0.094375, 0.018324, 0.21048, -0.03088, -0.19722, 0.082279, -0.09434, -0.073297, -0.064699, -0.26044], "10": [0.96148, -1.0893, -0.059456, -1.3394, 0.084217, 0.37176, 0.92265, 0.92104, -1.0564, 0.63107, 0.43791, 0.59136, 0.057656, 0.087279, -0.9269, 0.97113, 0.73382, 0.20472, 0.63957, 0.31173, 0.39047, -0.17821, 0.96748, 0.67033, 0.075499, -0.23604, -0.075841, 0.20266, 0.14673, -0.85717, -0.49191, 0.38685, -0.40685, -0.87718, -0.80704, 0.055129, -0.15097, 0.17537, 0.0097506, -0.060381, 0.54993, -0.95932, -0.38366, 0.25098, -0.26167, 0.096397, -0.069548, -0.1865, 0.1951, -0.50629], "11": [1.0074, 0.18912, -0.11732, -0.36526, -0.051616, 0.54116, -0.15308, -0.52727, -0.48022, -0.0072622, -0.098221, 0.7238, 0.062491, -0.12209, 0.24678, 0.20053, 0.40764, -0.33904, 0.046177, -1.1647, 0.11035, -0.40562, 0.97288, 0.13208, 0.17939, -0.85647, -1.2987, -0.44078, 0.53287, -0.5479, 4.1549, 0.23097, 0.15859, -1.3329, 0.33413, 0.46252, 0.012145, -0.16786, -0.70963, 0.38012, -0.47236, -0.30736, 0.53575, 0.95753, 0.27464, 0.16299, -0.22378, 0.12912, -0.3995, -0.25768], "0": [0, 0, 0, 0, 0, 0, 0, 0, 0, 0, 0, 0, 0, 0, 0, 0, 0, 0, 0, 0, 0, 0, 0, 0, 0, 0, 0, 0, 0, 0, 0, 0, 0, 0, 0, 0, 0, 0, 0, 0, 0, 0, 0, 0, 0, 0, 0, 0, 0, 0]}}