{"edges": [[0, 4], [4, 1], [4, 2], [4, 3], [4, 7], [4, 10], [4, 14], [7, 5], [7, 6], [7, 9], [9, 8], [14, 11], [14, 12], [14, 13], [14, 15], [20, 16], [20, 17], [20, 18], [20, 19], [15, 20]], "features": {"1": [0.13721, -0.295, -0.05916, -0.59235, 0.02301, 0.21884, -0.34254, -0.70213, -0.55748, -0.78537, 0.46417, 0.44733, -0.74178, -0.46287, 0.42665, 0.39795, -0.21767, 0.02626, -0.31353, 0.07852, 0.28495, 0.11671, 0.29981, -0.91376, -0.47744, -1.6573, 0.0074029, -0.11224, -0.10604, 0.29894, 3.4634, -0.29341, -0.76777, -0.3012, -0.0037192, 0.23122, 0.47334, 0.13078, 0.050225, 0.19911, -0.50179, -0.0034197, 0.38654, 0.057375, -1.0157, -0.33991, -0.6197, -0.59706, -0.11377, -0.64195], "2": [0.418, 0.24968, -0.41242, 0.1217, 0.34527, -0.044457, -0.49688, -0.17862, -0.00066023, -0.6566, 0.27843, -0.14767, -0.55677, 0.14658, -0.0095095, 0.011658, 0.10204, -0.12792, -0.8443, -0.12181, -0.016801, -0.33279, -0.1552, -0.23131, -0.19181, -1.8823, -0.76746, 0.099051, -0.42125, -0.19526, 4.0071, -0.18594, -0.52287, -0.31681, 0.00059213, 0.0074449, 0.17778, -0.15897, 0.012041, -0.054223, -0.29871, -0.15749, -0.34758, -0.045637, -0.44251, 0.18785, 0.0027849, -0.18411, -0.11514, -0.78581], "3": [0.048584684901413544, 0.374600904846615, 0.7395722816313656, 0.6592409122243301, 0.7694429148649704, 0.2996961911877627, 0.9940952940182282, 0.8867880957199371, 0.08168674891523486, 0.3685416089705664, 0.44401794904180747, 0.553855027226606, 0.4728987848238725, 0.5437397798943604, 0.43541213516901944, 0.7364932220919467, 0.28871572208117835, 0.7101067507453099, 0.8834706666835602, 0.7068117598713485, 0.9400259280684565, 0.6553343101034945, 0.2192856386077089, 0.39094737783043265, 0.22906964488047588, 0.9825697393765863, 0.4501774491568097, 0.569917439040131, 0.6152504595009322, 0.2364000342695135, 0.2970152253976659, 0.40574552286345, 0.44374702359248885, 0.06525070032004987, 0.0853258817358945, 0.8115040675530774, 0.6582571907459961, 0.06729240970781158, 0.6079051632360915, 0.00160272745605472, 0.42955636571132016, 0.17583732028707066, 0.5245563080229146, 0.4909979377213113, 0.006925868599589213, 0.6723056663643341, 0.10034884512860698, 0.6149550910665115, 0.5807492937522788, 0.38457552836402975], "4": [0.5149301417542986, 0.1701543740899074, 0.7834234732740247, 0.3997453921418671, 0.5137029505404578, 0.21104429231988686, 0.10822763042369721, 0.4331155552063325, 0.31211421603905165, 0.2912469587164229, 0.4007656220849616, 0.5092192380450301, 0.31402983042999244, 0.6899260231969113, 0.01874289376217575, 0.22102353791542184, 0.8516140150793835, 0.4492734493595095, 0.1714209098046351, 0.5235823241464097, 0.4041052334154719, 0.005435571947459805, 0.8995908026381434, 0.4649373360075918, 0.26923769295985844, 0.1783830329404099, 0.26190949829226406, 0.6798645352121078, 0.1945995735245073, 0.24699190324739984, 0.7814492850462881, 0.7307660867891016, 0.8240813599896661, 0.14529592165332572, 0.056090672430840094, 0.9219029142998751, 0.7329386486854064, 0.3439621978787716, 0.929063370606213, 0.2745962028909589, 0.826082608548145, 0.6547001428767714, 0.34974077141579063, 0.8504433211782969, 0.8716108498287862, 0.48061382558202104, 0.6736089120265927, 0.849707935355061, 0.29445569873174304, 0.9068872312332705], "5": [0.70853, 0.57088, -0.4716, 0.18048, 0.54449, 0.72603, 0.18157, -0.52393, 0.10381, -0.17566, 0.078852, -0.36216, -0.11829, -0.83336, 0.11917, -0.16605, 0.061555, -0.012719, -0.56623, 0.013616, 0.22851, -0.14396, -0.067549, -0.38157, -0.23698, -1.7037, -0.86692, -0.26704, -0.2589, 0.1767, 3.8676, -0.1613, -0.13273, -0.68881, 0.18444, 0.0052464, -0.33874, -0.078956, 0.24185, 0.36576, -0.34727, 0.28483, 0.075693, -0.062178, -0.38988, 0.22902, -0.21617, -0.22562, -0.093918, -0.80375], "6": [0.5469719691433913, 0.5132915910605581, 0.5386920402990961, 0.28157395260262186, 0.272523304449944, 0.6412584945583096, 0.5600860262946348, 0.9798365746007375, 0.5894767390282561, 0.8449404921586091, 0.5873196638454643, 0.04268351099567269, 0.9582380392665867, 0.2947183571829366, 0.32932290571044376, 0.009537199648419148, 0.8111112171776451, 0.0975991420405895, 0.19731868610547343, 0.671355713124875, 0.874838662763774, 0.017540531266092674, 0.4235730314679501, 0.28572844580918677, 0.78217541258717, 0.9806822759613538, 0.7705429182796959, 0.6580706693519947, 0.5926497020662056, 0.44581995636841487, 0.3554903250933774, 0.6443531582867222, 0.44403397842416137, 0.2835561447458512, 0.38707278078045404, 0.5001671400658002, 0.40924392221908645, 0.07825897096431444, 0.3420962893621604, 0.3137574217179836, 0.5241320471800844, 0.7827009217041436, 0.8165102690588614, 0.537713871890978, 0.647695046144963, 0.8280202001171684, 0.6433813818542576, 0.35556544413800073, 0.5739048949910737, 0.7053056351738866], "7": [0.33349984290912627, 0.8019938356857563, 0.23709597801900006, 0.04743882432767932, 0.20068358280774246, 0.5265791111225128, 0.6867670516604093, 0.24510609717091203, 0.4577407236947454, 0.8048584988437437, 0.34664032089122354, 0.8031627108559773, 0.4914217830200286, 0.05215802567632999, 0.1589686718742367, 0.5488665224325144, 0.4237244108175453, 0.22908947328550355, 0.23622173872866614, 0.35662654623421675, 0.671203730614356, 0.9550497223476513, 0.8316531950886382, 0.3950838118978922, 0.24349166799506494, 0.18329030937343815, 0.2942890040409851, 0.8213178922907212, 0.23868586473077802, 0.37620615245594424, 0.6421784916448933, 0.9552229248632804, 0.26042934763847403, 0.24298430922154945, 0.41444504810432437, 0.6783042160993862, 0.9263703065119534, 0.253212628502254, 0.5088616224055673, 0.8120830873162918, 0.15403733286197185, 0.8488593461488394, 0.7149304690728435, 0.6979385749638102, 0.809325438666642, 0.7884073229104661, 0.8905714202237429, 0.8479478490232795, 0.1601917768985035, 0.7934953621266493], "8": [0.33042, 0.24995, -0.60874, 0.10923, 0.036372, 0.151, -0.55083, -0.074239, -0.092307, -0.32821, 0.09598, -0.82269, -0.36717, -0.67009, 0.42909, 0.016496, -0.23573, 0.12864, -1.0953, 0.43334, 0.57067, -0.1036, 0.20422, 0.078308, -0.42795, -1.7984, -0.27865, 0.11954, -0.12689, 0.031744, 3.8631, -0.17786, -0.082434, -0.62698, 0.26497, -0.057185, -0.073521, 0.46103, 0.30862, 0.12498, -0.48609, -0.0080272, 0.031184, -0.36576, -0.42699, 0.42164, -0.11666, -0.50703, -0.027273, -0.53285], "9": [0.5911337798142003, 0.5507971223249509, 0.8117287912588516, 0.4502816728724618, 0.775630177226896, 0.5278149941264136, 0.7420854507279991, 0.9123428137268101, 0.6160146159503932, 0.6653108350406846, 0.6723020262572021, 0.7930721696323016, 0.6228292960353207, 0.6141365727529133, 0.3118778350015118, 0.4718271519933659, 0.48562466971997464, 0.7021458891795004, 0.4814237138353388, 0.42992242338926423, 0.7505544847562187, 0.6397652383363619, 0.5167869959657739, 0.8384605611537808, 0.22880356703272375, 0.4065586828371439, 0.6481632887026373, 0.9544951229996187, 0.9311233708620977, 0.7458354977778636, 0.8912826236700653, 0.38679103927249603, 0.9822397316775134, 0.6250471665193269, 0.6879274752552774, 0.2994778315276164, 0.12293082300297353, 0.7768452421126395, 0.6458324803216974, 0.5295716816766334, 0.3399026043621046, 0.2237715423186848, 0.04245908552273814, 0.5680413944906307, 0.6004363824212052, 0.5022443686956911, 0.25609915039514053, 0.9449995597140688, 0.3174697492780445, 0.19272571176628428], "10": [0.013441, 0.23682, -0.16899, 0.40951, 0.63812, 0.47709, -0.42852, -0.55641, -0.364, -0.23938, 0.13001, -0.063734, -0.39575, -0.48162, 0.23291, 0.090201, -0.13324, 0.078639, -0.41634, -0.15428, 0.10068, 0.48891, 0.31226, -0.1252, -0.037512, -1.5179, 0.12612, -0.02442, -0.042961, -0.28351, 3.5416, -0.11956, -0.014533, -0.1499, 0.21864, -0.33412, -0.13872, 0.31806, 0.70358, 0.44858, -0.080262, 0.63003, 0.32111, -0.46765, 0.22786, 0.36034, -0.37818, -0.56657, 0.044691, 0.30392],