{"edges": [[0, 1], [8, 2], [8, 7], [8, 11], [8, 14], [6, 3], [6, 4], [6, 5], [2, 6], [1, 8], [1, 22], [11, 9], [11, 10], [14, 12], [14, 13], [14, 16], [16, 15], [16, 17], [16, 20], [16, 21], [20, 18], [20, 19]], "features": {"1": [0.38973, -0.2121, 0.51837, 0.80136, 1.0336, -0.27784, -0.84525, -0.25333, 0.12586, -0.90342, 0.24975, 0.22022, -1.2053, -0.53771, 1.0446, 0.62778, 0.39704, -0.15812, 0.38102, -0.54674, -0.44009, 1.0976, 0.013069, -0.89971, 0.41226, -2.2309, 0.28997, 0.32175, -0.72738, -0.092244, 3.028, -0.062599, 0.038329, 0.0072918, -0.35388, -0.92256, 0.097932, 0.10068, 1.2116, 0.88233, -0.46297, 1.3186, 0.32705, -0.73446, 0.89301, -0.45324, -1.2698, 0.86119, 0.1415, 1.2018], "2": [0.67084, 0.91844, -1.0584, 0.89089, 0.40297, -0.36832, 0.56542, -0.45542, 0.60426, -0.31957, 0.66589, 0.41654, -0.75119, 0.44239, -0.71955, 0.075859, 0.47987, -0.33687, 1.4577, 0.27239, 0.88178, 0.19196, 0.14783, -0.9529, 0.033034, -1.0834, 0.97918, -0.33296, -0.40744, 0.27493, 3.5156, 1.1744, -0.98069, -0.87663, -0.62814, -0.52916, -1.1162, 0.6044, -0.96873, 0.62927, -0.70116, -0.74005, 0.96412, -1.4866, 0.37705, 0.067336, -0.30688, 1.6906, -0.25781, -0.16741], "3": [0.7503, 0.71623, -0.27033, 0.20059, -0.17008, 0.68568, -0.061672, -0.054638, -0.86404, -0.61395, -0.11047, -0.38827, -0.65705, -0.51993, -0.11222, 0.35218, -0.062404, -0.1367, -0.74921, 0.29496, 0.646, -0.045973, 0.67607, 0.43915, -0.11932, -1.2565, 0.61853, -0.057893, 0.11771, 0.45169, 3.8217, 0.19942, -0.3056, -0.3612, 0.16007, -0.62274, -0.83083, -0.032579, -0.4838, 0.60626, -0.22847, -0.073889, 0.052593, 0.039626, -0.72325, 0.11038, 0.35692, -0.26172, -0.67303, -0.87038], "4": [0.418, 0.24968, -0.41242, 0.1217, 0.34527, -0.044457, -0.49688, -0.17862, -0.00066023, -0.6566, 0.27843, -0.14767, -0.55677, 0.14658, -0.0095095, 0.011658, 0.10204, -0.12792, -0.8443, -0.12181, -0.016801, -0.33279, -0.1552, -0.23131, -0.19181, -1.8823, -0.76746, 0.099051, -0.42125, -0.19526, 4.0071, -0.18594, -0.52287, -0.31681, 0.00059213, 0.0074449, 0.17778, -0.15897, 0.012041, -0.054223, -0.29871, -0.15749, -0.34758, -0.045637, -0.44251, 0.18785, 0.0027849, -0.18411, -0.11514, -0.78581], "5": [0.58289, 0.36258, 0.34065, 0.36416, 0.34337, 0.79387, -0.9362, 0.11432, -0.63005, -0.55524, -0.28706, -0.47143, -0.75673, 0.63868, 0.22479, -0.64652, -0.074314, -0.34903, -0.97285, -0.53981, 0.015171, 0.24479, 0.62661, 0.070447, -0.51629, -1.2004, 0.3122, -0.44053, -0.29869, -0.56326, 4.022, 0.38463, -0.028468, 0.068716, 1.0746, 0.48309, 0.2475, 0.22802, -0.35743, 0.40392, -0.54738, 0.15244, 0.41, 0.15702, 0.0077935, -0.015106, -0.28653, -0.16158, -0.35169, -0.82555], "6": [1.2959, -0.40078, 0.27352, 0.94834, -0.78587, -0.16443, -1.0224, 0.11536, 0.69507, -0.8008, 1.0075, 0.89326, -0.15816, 1.0004, -0.19856, 0.40441, -1.5308, 0.55847, -0.90659, -0.79152, 0.604, 0.009987, -0.62251, 0.19557, -0.38146, -1.7492, -0.1024, -0.14777, 0.092672, 0.21884, 2.2195, 1.4581, 0.23359, 1.2889, 0.44611, -1.5713, -0.49863, -0.61462, -0.45383, 0.79471, -0.62834, 0.35306, 1.6341, 0.36572, -1.0479, 0.25884, -0.922, 0.88693, -0.062888, 0.29803], "7": [0.7619, -0.29773, 0.51396, -0.13303, 0.24156, 0.066799, -0.54084, 0.2071, -0.28225, -0.11638, 0.21666, 0.54908, -0.36744, -0.10543, 0.81567, 1.1743, 0.56055, -0.3345, 0.099767, -0.87465, 0.12229, -0.18532, 0.086783, -0.36343, 0.008002, -2.2268, -0.20079, -0.10313, 0.24318, -0.39819, 3.7136, 0.59088, -1.1013, -0.25292, 0.0057067, -0.60475, 0.35965, -0.059581, -0.029059, -0.3989, -0.52631, 0.12436, 0.13609, 0.12699, -0.23032, -0.044567, -0.6545, 0.43088, -0.22768, 0.4026], "8": [0.035786, 0.17082, 0.73132, 0.0072798, 0.019644, -0.27774, -0.37742, -0.21328, 0.74679, 0.838, 0.35488, -0.073397, 0.041592, -0.24411, -0.37623, 0.58183, 0.18718, -0.28622, 0.41268, -0.48685, 0.75055, -0.72763, -0.74473, -0.93829, -0.30865, -1.3305, 0.41002, -0.29393, 0.11423, 0.80163, 3.2307, 1.9317, -0.17089, 0.094595, -0.051222, -0.38103, -0.92037, 0.31751, -0.32979, -1.0476, -0.53672, 0.10022, -0.17156, -1.0591, 0.39072, -0.0091555, -0.1771, 1.0072, 0.28091, 0.19188], "9": [0.41519, 0.13167, -0.0569, -0.56765, 0.49924, 0.21288, -0.81949, 0.32257, -0.065374, -0.055513, 0.11837, 0.36933, -0.46424, -0.072383, 0.068214, 0.0014523, -0.07322, -0.65668, 0.11368, -0.91816, 0.029319, 0.38103, 0.34032, -0.21496, -0.26681, -1.6509, -0.71668, -0.41272, 0.48465, -0.62432, 4.1939, 1.4292, -0.45902, -0.51709, 0.2626, 0.51086, -0.23999, -0.06962, -0.4561, -0.48333, -0.39544, -0.53831, -0.070727, 0.54496, 0.2351, -0.18746, -0.2242, -0.11806, -0.34499, -0.86949], "10": [-0.114, 0.19378, 0.3294, 0.34885, 0.087913, 0.61665, -0.14075, -0.34894, 0.27825, 0.17133, 0.21519, -0.46099, -0.3414, -0.31615, -0.24542, -0.55763, 0.10173, -0.0024985, -1.0729, -0.43125, 0.10137, -0.57639, 0.18201, -0.53597, -0.51508, -0.26052, -0.20486, -0.71079, 0.17696, 0.32763, 3.0592, 0.6166, 0.5328, 0.024867, 0.39271, -0.0053656, -0.31911, 0.64636, 0.077831, 0.07057, -0.034614, -0.077789, 0.11886, 0.13759, -0.58925, 0.25965, 0.053783, 0.31103, -0.4688, 0.20742], "11": [-0.83434, 0.1531, 1.1186, -1.7381, 0.51054, 0.28355, -0.40305, -0.61902, 0.165, -0.2001, 0.25078, -1.0432, 1.3345, -1.3861, 0.85164, 0.26607, -0.11569, -0.4088, 1.488, -0.61057, 0.19445, -1.0356, -0.29487, -0.064589, -0.15915, -0.053521, -0.42995, -0.50037, 0.50621, 1.2917, 2.2943, 1.4502, 1.2926, 0.20364, -0.027017, -0.16798, -1.0082, 0.55422, 0.45063, -0.8563, -1.1624, -0.15296, 0.64543, 0.68269, -0.40142, -1.4833, -0.25602, -0.090862, 0.3817, 0.16529], "12": [0.35215, -0.35603, 0.25708, -0.10611, -0.20718, 0.63596, -1.0129, -0.45964, -0.48749, -0.080555, 0.43769, 0.46046, -0.80943, -0.23336, 0.46623, -0.10866, -0.1221, -0.63544, -0.73486, -0.24848, 0.4317, 0.092264, 0.52033, -0.46784, 0.016798, -1.5124, -0.19986, -0.43351, -0.59247, 0.18088, 3.5194, -0.7024, 0.23613, -0.68514, -0.37009, -0.080451, 0.10635, -0.085495, -0.18451, 0.29771, 0.18123, 0.53627, -0.1001, -0.55165, 0.098833, -0.12942, -0.82628, -0.4329, -0.10301, -0.56079], "13": [-0.35209, 0.82956, 0.80144, 0.48082, 0.46673, 0.63659, -0.26424, -0.30305, -0.72852, -0.52154, -0.17715, -0.53938, -0.23303, -0.26814, 0.72069, -0.66766, -0.60444, -0.2251, -1.681, 0.42743, 0.38901, -0.6295, 1.3271, 0.37583, -0.58972, -0.40539, 0.90764, -0.61069, 0.37251, -0.34913, 3.4705, 0.1807, -0.35839, 0.65343, 0.35501, -0.37921, 0.69662, 0.25318, 0.66238, -0.4278, 0.34738, -0.56578, 0.6209, -1.1136, -0.50829, 1.1522, 0.15462, -0.84043, 0.37147, 0.44275], "14": [1.245, -0.38593, 1.8801, 0.19871, 0.52531, 0.56193, -0.20757, -1.9223, -0.2258, 0.75336, -0.82011, -0.17642, 0.48787, -0.85442, 1.1553, 0.051303, -0.26906, 0.23636, -1.1836, 0.70456, 1.799, -0.72074, -0.17698, -2.2893, -0.40599, -1.0378, 0.69495, -0.75857, -0.012518, -0.088574, 3.5545, 0.78764, 0.41005, 1.6293, -0.29111, -0.97573, -0.45845, 0.29453, 0.85338, -1.15, -0.40918, -0.28849, 1.7702, -0.27858, -1.5561, 0.3454, -0.84133, 1.1583, 0.23624, 0.41113], "15": [0.11358504682560089, 0.8728296961571101, 0.14813078044495953, 0.6381040067247001, 0.43340392225981317, 0.5079299082185526, 0.22346447572228156, 0.8028667333996178, 0.24413883318732232, 0.23457431368042558, 0.7609872572804475, 0.316528125528324, 0.9558119911534938, 0.3650760686219128, 0.9854871643800274, 0.26463813623177235, 0.8659939277199767, 0.9740773508409429, 0.6237795509469177, 0.30593845964459887, 0.8941023067275881, 0.2140356248307549, 0.4273562627035822, 0.8749930309247428, 0.7992857197784473, 0.01874265742243797, 0.7400553517984447, 0.6891104190627814, 0.5655849957159377, 0.7906401892280531, 0.5261682798766723, 0.6794894593392007, 0.5138645774134116, 0.009239498148692404, 0.6497878207386782, 0.5992253456878863, 0.5880794930110721, 0.2829610258291968, 0.4760263396928669, 0.34308344384991085, 0.32400814021676283, 0.10245172811054426, 0.700467141111383, 0.615094381603915, 0.10474168070821888, 0.9178553317867947, 0.24067083476861006, 0.660126858387979, 0.3652200509893707, 0.3072926640317062],