{"edges": [[0, 4], [4, 1], [4, 3], [4, 7], [3, 2], [7, 5], [7, 6]], "features": {"1": [0.013441, 0.23682, -0.16899, 0.40951, 0.63812, 0.47709, -0.42852, -0.55641, -0.364, -0.23938, 0.13001, -0.063734, -0.39575, -0.48162, 0.23291, 0.090201, -0.13324, 0.078639, -0.41634, -0.15428, 0.10068, 0.48891, 0.31226, -0.1252, -0.037512, -1.5179, 0.12612, -0.02442, -0.042961, -0.28351, 3.5416, -0.11956, -0.014533, -0.1499, 0.21864, -0.33412, -0.13872, 0.31806, 0.70358, 0.44858, -0.080262, 0.63003, 0.32111, -0.46765, 0.22786, 0.36034, -0.37818, -0.56657, 0.044691, 0.30392], "2": [0.6445624126021994, 0.14639478528242833, 0.15707914094914655, 0.4385356929626776, 0.30109876809637504, 0.17879375260309416, 0.6940382517095142, 0.8140507109320212, 0.3271407479623073, 0.4608261901008981, 0.6772214115835384, 0.9477860728998686, 0.20365815564577594, 0.7361026337467316, 0.32523648172405994, 0.12613034155294867, 0.3901715494181969, 0.8450750416280047, 0.06412338708053078, 0.7056675839983461, 0.9493484288065134, 0.700902001589342, 0.4517760465294143, 0.6612682329436291, 0.601694337151156, 0.3453181964770704, 0.5462644376230196, 0.5277405260458403, 0.7123005314563927, 0.41980254236271974, 0.19221671332482693, 0.9377007210816894, 0.05016564841176285, 0.43037001673696507, 0.730429068975455, 0.18128644139097672, 0.15833036605109974, 0.9318837027404211, 0.8725390889000317, 0.14325835450320268, 0.2865421927613646, 0.4697347907982231, 0.8881045284559769, 0.8267933298734627, 0.5337514315846161, 0.5062235472325198, 0.08946942149666426, 0.42893880097374026, 0.32185045298260384, 0.2963443391209267], "3": [0.6892898758867961, 0.7782034730630456, 0.5676946270221891, 0.5361807797175762, 0.36260523411997436, 0.1293108062531445, 0.18130807886629252, 0.7283046247680558, 0.5758931321974691, 0.31990683958762456, 0.7129996786281361, 0.17378206417381858, 0.5204981723382629, 0.14605412269105766, 0.38740337547601555, 0.19617479130350046, 0.5317641138025693, 0.6623966424098776, 0.5913841993067371, 0.7335390147313329, 0.10402975297985007, 0.18916510499084715, 0.36577396821680475, 0.8174179932591468, 0.8843401637058037, 0.2731606286398749, 0.4817644050437504, 0.3836774379933765, 0.881299230350276, 0.19910418548869113, 0.3900941632058694, 0.915557421979041, 0.8858547391257682, 0.5449115600971308, 0.5186661496290088, 0.6210083788785408, 0.6387033046889684, 0.9969169632408836, 0.287132593689855, 0.8686387135776159, 0.16447952277163458, 0.2867766815658226, 0.7593323944341995, 0.40336599006966556, 0.23481469227335794, 0.570419696515782, 0.9741197492356298, 0.10532129595770257, 0.5900724891755035, 0.019969015644088928], "4": [0.58175, 0.25811, -0.20773, -0.17999, 0.020993, 0.43719, -0.017091, -1.3567, -0.3178, -0.60756, -0.93581, 0.25567, -0.84361, -0.0079499, -0.13764, -0.070604, -0.19076, -0.92535, 1.0672, -0.32892, 0.34677, -0.067656, -0.10943, -1.314, -0.090068, -0.57003, 0.20158, 0.40584, -0.6646, 0.1204, 1.5737, -0.23697, -0.83338, -0.73631, 0.21681, -0.26717, 0.27258, 0.34444, -0.97203, -0.028304, -0.59306, -0.39925, 0.15686, -0.34781, -0.25567, -0.027241, 0.25397, 1.4897, 0.37038, 0.35493], "5": [0.418, 0.24968, -0.41242, 0.1217, 0.34527, -0.044457, -0.49688, -0.17862, -0.00066023, -0.6566, 0.27843, -0.14767, -0.55677, 0.14658, -0.0095095, 0.011658, 0.10204, -0.12792, -0.8443, -0.12181, -0.016801, -0.33279, -0.1552, -0.23131, -0.19181, -1.8823, -0.76746, 0.099051, -0.42125, -0.19526, 4.0071, -0.18594, -0.52287, -0.31681, 0.00059213, 0.0074449, 0.17778, -0.15897, 0.012041, -0.054223, -0.29871, -0.15749, -0.34758, -0.045637, -0.44251, 0.18785, 0.0027849, -0.18411, -0.11514, -0.78581], "6": [0.953341376085053, 0.440007575431251, 0.13038047127859598, 0.7024812414938311, 0.853230649419427, 0.5386869678216981, 0.022599427310614262, 0.31696729673172275, 0.06261139630048185, 0.12209478818715092, 0.9735712736785466, 0.031233238033876343, 0.2516896822878657, 0.6296469887727119, 0.05303667756711683, 0.08464588973633991, 0.46967333242602294, 0.2738172388982081, 0.0238602028574868, 0.9546800388547607, 0.9522500557709797, 0.25200416763567, 0.5121982851503745, 0.2756512736323635, 0.413803230157181, 0.4388260884145827, 0.09208942713335733, 0.5755762992227681, 0.24226727096091838, 0.43660554178367017, 0.3373409372200358, 0.263681062829782, 0.12675846706626026, 0.32555236356923023, 0.4032225794285509, 0.8731845535105622, 0.9589781324563954, 0.9112059286274344, 0.3782152837667938, 0.6275533218759416, 0.6704686904785604, 0.23207933165676653, 0.947842738820134, 0.15940924239097187, 0.16619704668573632, 0.844048327796416, 0.6379427039505665, 0.6238917751188462, 0.6472913496435295, 0.5547117101370955], "7": [-0.20747, -0.4557, -0.2447, -1.0611, -0.87722, 0.35032, 0.084001, -1.1669, -0.66488, 0.26813, -0.37588, 0.39256, -0.021938, -0.11385, -0.48098, 0.12454, 0.081302, -0.69418, 1.4731, -0.058458, 0.07679, -0.26282, -0.6159, -0.67554, -0.041442, -1.6658, 0.19612, -0.4424, 0.14167, 0.88359, 3.1059, 0.48184, -0.68173, -1.0032, -0.81462, -0.24018, -0.32757, 0.12439, -0.86646, -0.11015, -0.93457, -0.28252, 0.77259, 0.55695, 0.16363, -0.42554, -0.67714, 1.0016, 0.70439, 0.42709], "0": [0, 0, 0, 0, 0, 0, 0, 0, 0, 0, 0, 0, 0, 0, 0, 0, 0, 0, 0, 0, 0, 0, 0, 0, 0, 0, 0, 0, 0, 0, 0, 0, 0, 0, 0, 0, 0, 0, 0, 0, 0, 0, 0, 0, 0, 0, 0, 0, 0, 0]}}