{"edges": [[0, 1], [3, 2], [3, 4], [3, 5], [1, 3], [1, 6]], "features": {"1": [0.057915, -0.42255, 0.51775, 0.47376, 0.75722, 0.13926, -0.97591, -0.25256, -0.44416, -0.50902, 0.46069, -0.052904, -0.36184, -1.1216, 0.97571, 0.75658, -0.92618, -0.78686, -0.0017005, -0.61012, 0.83291, 0.094193, 0.30635, -0.7482, -0.30989, -1.0976, 0.24226, -0.015453, -0.49812, 0.22963, 2.2727, -0.35043, 0.54324, -0.4603, 0.43847, -1.4387, -0.04904, -0.006838, 0.25433, 0.014894, -0.3725, 0.29385, 0.48938, -0.27522, 0.035048, -0.63735, -0.73816, 0.79315, -0.050581, 0.78107], "2": [0.68047, -0.039263, 0.30186, -0.17792, 0.42962, 0.032246, -0.41376, 0.13228, -0.29847, -0.085253, 0.17118, 0.22419, -0.10046, -0.43653, 0.33418, 0.67846, 0.057204, -0.34448, -0.42785, -0.43275, 0.55963, 0.10032, 0.18677, -0.26854, 0.037334, -2.0932, 0.22171, -0.39868, 0.20912, -0.55725, 3.8826, 0.47466, -0.95658, -0.37788, 0.20869, -0.32752, 0.12751, 0.088359, 0.16351, -0.21634, -0.094375, 0.018324, 0.21048, -0.03088, -0.19722, 0.082279, -0.09434, -0.073297, -0.064699, -0.26044], "3": [0.68688, 0.035535, -0.48324, 0.93736, 0.39283, -0.36025, -0.63047, 0.56061, -0.73736, -0.56998, -0.55101, 0.35952, -0.62018, -0.65847, 0.91149, 0.39189, -0.86016, -1.0786, 0.24142, -0.57652, 0.53568, 0.59916, 0.12739, -0.17979, 0.17806, -2.0105, -0.11003, 0.50722, -0.46605, -0.29701, 2.2324, -0.64656, -0.16811, -0.51301, -0.15522, -0.98198, 0.36917, -0.82719, -0.26844, -0.0097219, 0.71912, 0.60143, -0.19213, 0.2037, 0.46756, -0.39818, -0.46274, 1.8089, 0.1522, 0.96031], "4": [0.51654, -0.0049072, -0.39191, -0.077127, 0.14441, 0.70654, -0.048491, -0.79991, -0.0025486, 0.070557, 0.3591, 0.47105, 0.31988, -0.32276, 0.21423, 0.29566, -0.024109, -0.093633, 0.51866, -0.27299, 0.30481, -0.4416, 0.29624, 0.41192, -0.16857, -1.3704, -0.081173, -0.31319, 0.0039073, -0.65917, 2.3856, -0.50831, -0.5431, -1.3188, 0.26837, -0.13041, 0.32799, -0.21148, -0.93243, 0.50209, 0.028722, -0.13624, 0.36212, 0.27409, 0.26046, 0.070824, -0.31947, 0.45591, -0.11742, 0.45675], "5": [0.30045, 0.25006, -0.16692, 0.1923, 0.026921, -0.079486, -0.91383, -0.1974, -0.053413, -0.40846, -0.26844, -0.28212, -0.5, 0.1221, 0.3903, 0.17797, -0.4429, -0.40478, -0.9505, -0.16897, 0.77793, 0.33525, 0.3346, -0.1754, -0.12017, -1.7861, 0.29241, 0.55933, 0.029982, -0.32417, 3.9297, 0.1088, -0.57335, -0.17842, 0.0041748, -0.16309, 0.45077, -0.16123, -0.17311, -0.087889, -0.089032, 0.062001, -0.19946, -0.38863, -0.18232, 0.060751, 0.098603, -0.07131, 0.23052, -0.51939], "6": [0.418, 0.24968, -0.41242, 0.1217, 0.34527, -0.044457, -0.49688, -0.17862, -0.00066023, -0.6566, 0.27843, -0.14767, -0.55677, 0.14658, -0.0095095, 0.011658, 0.10204, -0.12792, -0.8443, -0.12181, -0.016801, -0.33279, -0.1552, -0.23131, -0.19181, -1.8823, -0.76746, 0.099051, -0.42125, -0.19526, 4.0071, -0.18594, -0.52287, -0.31681, 0.00059213, 0.0074449, 0.17778, -0.15897, 0.012041, -0.054223, -0.29871, -0.15749, -0.34758, -0.045637, -0.44251, 0.18785, 0.0027849, -0.18411, -0.11514, -0.78581], "0": [0, 0, 0, 0, 0, 0, 0, 0, 0, 0, 0, 0, 0, 0, 0, 0, 0, 0, 0, 0, 0, 0, 0, 0, 0, 0, 0, 0, 0, 0, 0, 0, 0, 0, 0, 0, 0, 0, 0, 0, 0, 0, 0, 0, 0, 0, 0, 0, 0, 0]}}