{"edges": [[0, 4], [4, 1], [4, 2], [4, 3], [4, 6], [6, 5], [6, 9], [6, 14], [9, 7], [9, 8], [9, 10], [9, 11], [9, 12], [9, 13]], "features": {"1": [0.013441, 0.23682, -0.16899, 0.40951, 0.63812, 0.47709, -0.42852, -0.55641, -0.364, -0.23938, 0.13001, -0.063734, -0.39575, -0.48162, 0.23291, 0.090201, -0.13324, 0.078639, -0.41634, -0.15428, 0.10068, 0.48891, 0.31226, -0.1252, -0.037512, -1.5179, 0.12612, -0.02442, -0.042961, -0.28351, 3.5416, -0.11956, -0.014533, -0.1499, 0.21864, -0.33412, -0.13872, 0.31806, 0.70358, 0.44858, -0.080262, 0.63003, 0.32111, -0.46765, 0.22786, 0.36034, -0.37818, -0.56657, 0.044691, 0.30392], "2": [-0.19461, -0.051277, 0.26445, -0.57399, 1.0236, 0.58923, -1.3399, 0.31032, -0.89433, -0.13192, 0.21305, 0.29171, -0.66079, 0.084125, 0.76578, -0.42393, 0.32445, 0.13603, -0.29987, -0.046415, -0.74811, 1.2134, 0.24988, 0.22846, 0.23546, -2.6054, 0.12491, -0.94028, -0.58308, -0.32325, 2.8419, 0.33474, -0.33902, -0.23434, 0.37735, 0.093804, -0.25969, 0.68889, 0.37689, -0.2186, -0.24244, 1.0029, 0.18607, 0.27486, 0.48089, -0.43533, -1.1012, -0.67103, -0.21652, -0.025891], "3": [0.54822, 0.038847, 0.10127, 0.31319, 0.095487, 0.41814, -0.79493, -0.58296, 0.026643, 0.12392, 0.35194, -0.02163, -0.87018, -0.27178, 0.65449, 0.42934, 0.097544, 0.31779, -0.11921, -0.097106, -0.47585, 0.24907, 0.1223, -0.29079, -0.16866, -2.1072, 0.022174, 0.45277, -0.64485, 0.13181, 3.6594, -0.1714, 0.23919, -0.42249, -0.088331, -0.32925, -0.12847, 0.47055, -0.075953, -0.27747, -0.41905, 0.60803, -0.24261, 0.014885, -0.23204, 0.020879, -0.82175, 0.26588, -0.40267, -0.17111], "4": [-0.40048, 0.80009, -0.71442, 0.038858, -0.34902, 1.0343, -0.85177, -0.52839, -0.47454, 0.43249, -0.073208, 0.9826, -0.78912, 0.58643, 1.1059, -0.45254, 0.28845, 0.6088, -0.96439, 0.52848, 0.31449, 0.85447, 0.67224, 0.5843, 0.04793, -0.42804, -0.45065, -0.076899, -0.70772, -0.32061, 0.94143, -0.25605, 0.84007, -0.3965, 0.39231, 0.60193, 0.2191, 0.066767, -0.51848, -0.83194, -0.30833, 1.4537, -0.52688, -1.7235, -0.44802, -0.27256, -0.20617, -1.5732, -0.49669, 1.1546], "5": [0.33042, 0.24995, -0.60874, 0.10923, 0.036372, 0.151, -0.55083, -0.074239, -0.092307, -0.32821, 0.09598, -0.82269, -0.36717, -0.67009, 0.42909, 0.016496, -0.23573, 0.12864, -1.0953, 0.43334, 0.57067, -0.1036, 0.20422, 0.078308, -0.42795, -1.7984, -0.27865, 0.11954, -0.12689, 0.031744, 3.8631, -0.17786, -0.082434, -0.62698, 0.26497, -0.057185, -0.073521, 0.46103, 0.30862, 0.12498, -0.48609, -0.0080272, 0.031184, -0.36576, -0.42699, 0.42164, -0.11666, -0.50703, -0.027273, -0.53285], "6": [0.11455, 0.065065, 0.28519, -0.17229, -0.39327, 0.0080943, -0.48165, -1.5716, -0.17068, 1.723, -0.71525, 0.78738, -0.13594, 0.88042, 1.7368, -0.02498, 0.18193, 0.64291, -0.5424, 0.045482, 1.0286, 0.67105, 0.78415, 1.036, 0.29029, -0.96087, -1.6743, -0.26859, 0.40321, -1.0013, 2.4088, 0.45553, 0.54342, -0.50339, -0.11549, 0.60122, -0.10831, -0.4685, -1.4051, -0.8593, -0.183, 1.1568, 0.10774, -0.10742, -0.56539, 0.2745, 0.17375, -0.85631, -0.67384, 0.65348], "7": [0.48518, 0.56214, 0.064657, 0.44652, -0.29881, 0.91376, -0.84552, -0.93462, 0.093077, 0.05312, -0.25653, -0.16388, -0.084874, -0.084588, 0.28105, -0.55097, -0.022583, 0.078236, -0.32487, -0.28224, 0.51683, 0.22509, 0.20189, -0.21816, -0.81741, -1.0254, -0.27715, -0.80942, -0.61824, -0.22689, 3.47, 0.17391, 0.13567, -0.41534, 0.61925, 0.50792, -0.08481, -0.10788, -0.23281, 0.50943, -0.37383, 0.59976, 0.55221, -0.078815, 0.47338, 0.070097, -0.8109, 0.0085293, -0.43153, -0.40666], "8": [0.12817, 0.15858, -0.38843, -0.39108, 0.68366, 0.00081259, -0.22981, -0.63358, -0.27663, 0.40934, -0.65128, 0.8461, -0.9904, 0.20696, 1.2567, 0.064774, 0.65813, 0.39954, 0.076104, -0.54083, -0.32438, 0.8456, 0.17273, -0.13504, 0.39626, -2.3358, -1.6576, 0.59957, 1.0876, -1.0118, 3.33, 0.075853, -0.65637, -0.015799, -0.85429, -0.47358, 0.082404, -0.69719, 0.46647, -0.32044, -0.45517, 0.30804, 0.07502, -0.021783, 0.10823, -0.03306, -0.2514, 0.088184, -0.22215, 1.4971], "9": [-0.66285, 0.77312, 0.0097657, 0.5739, -0.61578, 0.16859, -1.1578, -0.35501, 0.2507, -0.1666, 0.76235, -0.24595, -0.52504, -0.10052, 1.1672, -0.093335, -0.070071, 0.31558, -1.2893, 0.38349, 0.79752, -0.60922, 0.56834, 0.37517, -0.56518, -0.59131, 0.058874, -0.53764, -1.1302, 0.12728, 2.548, 0.11493, -0.61045, -0.83878, 0.012946, -0.088662, 1.0397, 0.26223, -0.45004, -1.0377, -0.31869, -0.7796, -0.8059, -1.2899, -0.98714, 0.16393, -0.1698, -0.44642, 0.24022, 0.40364], "10": [0.0028594, 0.19457, -0.19449, -0.037583, 0.9634, 0.099237, -0.27993, -0.71535, -0.28148, 0.073535, -0.47299, 0.85916, -1.1857, 0.12859, 1.419, 0.23505, 0.77673, 0.22569, 0.20118, -0.62546, -0.53357, 0.90877, 0.14301, -0.31878, 0.612, -2.1162, -1.1655, 0.49382, 0.87872, -0.77584, 3.1332, 0.021558, -0.4612, 0.0059404, -0.84945, -0.38848, 0.086459, -0.39445, 0.83242, 0.062272, -0.49093, 0.68111, 0.087143, -0.23992, 0.22192, -0.12472, -0.28543, 0.043905, -0.22286, 1.6923], "11": [0.26818, 0.14346, -0.27877, 0.016257, 0.11384, 0.69923, -0.51332, -0.47368, -0.33075, -0.13834, 0.2702, 0.30938, -0.45012, -0.4127, -0.09932, 0.038085, 0.029749, 0.10076, -0.25058, -0.51818, 0.34558, 0.44922, 0.48791, -0.080866, -0.10121, -1.3777, -0.10866, -0.23201, 0.012839, -0.46508, 3.8463, 0.31362, 0.13643, -0.52244, 0.3302, 0.33707, -0.35601, 0.32431, 0.12041, 0.3512, -0.069043, 0.36885, 0.25168, -0.24517, 0.25381, 0.1367, -0.31178, -0.6321, -0.25028, -0.38097], "12": [0.12817, 0.15858, -0.38843, -0.39108, 0.68366, 0.00081259, -0.22981, -0.63358, -0.27663, 0.40934, -0.65128, 0.8461, -0.9904, 0.20696, 1.2567, 0.064774, 0.65813, 0.39954, 0.076104, -0.54083, -0.32438, 0.8456, 0.17273, -0.13504, 0.39626, -2.3358, -1.6576, 0.59957, 1.0876, -1.0118, 3.33, 0.075853, -0.65637, -0.015799, -0.85429, -0.47358, 0.082404, -0.69719, 0.46647, -0.32044, -0.45517, 0.30804, 0.07502, -0.021783, 0.10823, -0.03306, -0.2514, 0.088184, -0.22215, 1.4971], "13": [0.8070095649520029, 0.14410547371608673, 0.9096292276176103, 0.506824553624819, 0.32851274502675953, 0.4806474747119901, 0.27784290610024365, 0.5898448957776501, 0.2413441050391143, 0.9372788506408949, 0.7234308771991341, 0.39607497643065037, 0.5338365064202756, 0.011262869753437266, 0.8998504317068842, 0.6255953031809187, 0.6555458764033312, 0.32259416978065647, 0.41653916319053685, 0.3443316287923891, 0.057086070548736045, 0.9484780338502833, 0.38436674914716973, 0.08601968580984765, 0.1803086067253601, 0.7767266668184869, 0.22724304610882506, 0.6317844536585892, 0.5427888107323313, 0.4485044431837638, 0.6664073938846281, 0.5162510348565703, 0.9059275087901558, 0.06249630196912204, 0.877879950777276, 0.827345923968962, 0.933530449226169, 0.9388085684805351, 0.5229767578272264, 0.4202898445050206, 0.31106727229406306, 0.7393797300635891, 0.651780480659618, 0.2485611408974161, 0.4954991834751328, 0.44501931827966057, 0.4220242501251651, 0.4410818139817554, 0.5873795676914587, 0.12785164533573146], "14": [0.41037, 0.11342, 0.051524, -0.53833, -0.12913, 0.22247, -0.9494, -0.18963, -0.36623, -0.067011, 0.19356, -0.33044, 0.11615, -0.58585, 0.36106, 0.12555, -0.3581, -0.023201, -1.2319, 0.23383, 0.71256, 0.14824, 0.50874, -0.12313, -0.20353, -1.82, 0.22291, 0.020291, -0.081743, -0.27481, 3.7343, -0.01874, -0.084522, -0.30364, 0.27959, 0.043328, -0.24621, 0.015373, 0.49751, 0.15108, -0.01619, 0.40132, 0.23067, -0.10743, -0.36625, -0.051135, 0.041474, -0.36064, -0.19616, -0.81066], "0": [0, 0, 0, 0, 0, 0, 0, 0, 0, 0, 0, 0, 0, 0, 0, 0, 0, 0, 0, 0, 0, 0, 0, 0, 0, 0, 0, 0, 0, 0, 0, 0, 0, 0, 0, 0, 0, 0, 0, 0, 0, 0, 0, 0, 0, 0, 0, 0, 0, 0]}}