{"edges": [[0, 1], [1, 2]], "features": {"1": [1.1553, 1.7377, -0.71212, 0.48556, 0.19489, -1.2162, -1.0483, 0.78572, -0.26841, -0.6816, -0.50677, -0.34327, 0.53536, -0.048625, 0.94706, 0.78576, -0.57192, -0.46013, 0.43066, 0.85968, 0.60049, 0.49057, -0.25208, -0.050453, 0.68621, -1.864, 0.43781, 0.037215, -0.58399, 0.15137, 2.6367, 0.80819, -1.1418, -0.19516, -0.077869, -0.097069, 0.053172, 0.44905, -0.93702, 0.24345, -0.45125, 0.49847, -0.01125, -1.0183, 0.85982, 0.5259, -0.57623, 0.35328, -0.29219, -0.17721], "2": [0.418, 0.24968, -0.41242, 0.1217, 0.34527, -0.044457, -0.49688, -0.17862, -0.00066023, -0.6566, 0.27843, -0.14767, -0.55677, 0.14658, -0.0095095, 0.011658, 0.10204, -0.12792, -0.8443, -0.12181, -0.016801, -0.33279, -0.1552, -0.23131, -0.19181, -1.8823, -0.76746, 0.099051, -0.42125, -0.19526, 4.0071, -0.18594, -0.52287, -0.31681, 0.00059213, 0.0074449, 0.17778, -0.15897, 0.012041, -0.054223, -0.29871, -0.15749, -0.34758, -0.045637, -0.44251, 0.18785, 0.0027849, -0.18411, -0.11514, -0.78581], "0": [0, 0, 0, 0, 0, 0, 0, 0, 0, 0, 0, 0, 0, 0, 0, 0, 0, 0, 0, 0, 0, 0, 0, 0, 0, 0, 0, 0, 0, 0, 0, 0, 0, 0, 0, 0, 0, 0, 0, 0, 0, 0, 0, 0, 0, 0, 0, 0, 0, 0]}}