{"edges": [[0, 1], [1, 2]], "features": {"1": [1.5627, 0.73594, -0.12854, 0.18026, -0.93016, -0.0059769, -1.1083, -0.037268, 0.63194, -0.043339, -0.17475, 0.67302, 0.21658, 0.9274, 0.35181, 0.03138, -0.35553, 0.49544, -1.6577, -0.29218, 0.60253, 0.47254, -0.62273, 0.19565, 0.30878, -1.2792, 0.17717, 0.049512, 0.67427, -0.040298, 1.485, 0.81977, -0.20522, 0.73026, 0.57896, -0.12858, 0.098249, -0.17947, -1.1919, -0.04216, 0.39817, 0.72339, 1.1688, -0.336, -0.24099, -0.27394, 0.087734, -0.32989, -0.40727, 0.79452], "2": [1.5426, 0.2891, 0.97213, -0.41887, 0.10394, -0.40224, -1.2014, 0.82716, 0.63278, -1.0635, 0.10706, 0.31496, 0.27759, 1.2792, 0.06647, -0.86509, -0.7825, 0.92325, -2.0466, -0.50776, 0.2118, 1.1612, 0.22638, -0.27832, 0.94466, -1.5619, 0.37197, -0.0060163, 0.41857, 0.32703, 1.2789, 0.35475, -0.8687, 0.44861, 0.79942, -0.10673, 0.45077, -0.13518, -0.35226, 0.38941, -0.13584, -0.091332, 1.4167, -0.26476, 0.027383, -0.032732, -0.55857, -0.52434, 0.025294, -0.44467], "0": [0, 0, 0, 0, 0, 0, 0, 0, 0, 0, 0, 0, 0, 0, 0, 0, 0, 0, 0, 0, 0, 0, 0, 0, 0, 0, 0, 0, 0, 0, 0, 0, 0, 0, 0, 0, 0, 0, 0, 0, 0, 0, 0, 0, 0, 0, 0, 0, 0, 0]}}