{"edges": [[0, 1]], "features": {"1": [0.23727, 0.40478, -0.20547, 0.58805, 0.65533, 0.32867, -0.81964, -0.23236, 0.27428, 0.24265, 0.054992, 0.16296, -1.2555, -0.086437, 0.44536, 0.096561, -0.16519, 0.058378, -0.38598, 0.086977, 0.0033869, 0.55095, -0.77697, -0.62096, 0.092948, -2.5685, -0.67739, 0.10151, -0.48643, -0.057805, 3.1859, -0.017554, -0.16138, 0.055486, -0.25885, -0.33938, -0.19928, 0.26049, 0.10478, -0.55934, -0.12342, 0.65961, -0.51802, -0.82995, -0.082739, 0.28155, -0.423, -0.27378, -0.007901, -0.030231], "0": [0, 0, 0, 0, 0, 0, 0, 0, 0, 0, 0, 0, 0, 0, 0, 0, 0, 0, 0, 0, 0, 0, 0, 0, 0, 0, 0, 0, 0, 0, 0, 0, 0, 0, 0, 0, 0, 0, 0, 0, 0, 0, 0, 0, 0, 0, 0, 0, 0, 0]}}