{"edges": [[0, 2], [2, 1], [2, 4], [2, 22], [4, 3], [4, 6], [6, 5], [6, 9], [9, 7], [9, 8], [9, 11], [11, 10], [11, 15], [15, 12], [15, 13], [15, 14], [15, 17], [17, 16], [17, 21], [21, 18], [21, 19], [21, 20]], "features": {"1": [0.5237341570990666, 0.8123232231753578, 0.8055420142612739, 0.5165413915087164, 0.13256411784007704, 0.1465905754918736, 0.15430672953449087, 0.3939234659403289, 0.37592919651248713, 0.40902362759817257, 0.6940432469859542, 0.12804567053144833, 0.8462496027899332, 0.03561146213604238, 0.988518869440924, 0.09354060463195746, 0.5888298387359179, 0.6653171006810183, 0.8948505233544559, 0.3627233679538703, 0.7705487459975204, 0.7233413164287662, 0.03710674020730376, 0.19011554370683148, 0.380826274411453, 0.7644256183242052, 0.7231811052507634, 0.7673897819014588, 0.9946192666305225, 0.4169324252270703, 0.5508413145037128, 0.8988924119143789, 0.11086212884272917, 0.5313730697984205, 0.3359467881766295, 0.9629874795235828, 0.2067742729190436, 0.4871308657166161, 0.08142308791490172, 0.446839963062729, 0.22045367459971876, 0.2970486698158431, 0.7044266557378824, 0.20694881297821655, 0.14346081770860541, 0.8567107663362125, 0.703707517555032, 0.10266288236607224, 0.25989479954347094, 0.15458004924128677], "2": [0.34271, -0.59418, 0.25592, -0.44376, 0.27684, 0.42343, 0.087819, 1.1208, -0.43735, -0.13436, -0.15406, 0.45104, -1.1799, -0.68402, 1.1405, -0.30951, -0.21651, -0.043375, 0.7865, -0.081601, 0.28437, 0.73173, 1.2724, -0.40255, 0.23765, -1.8812, -0.54324, 0.55408, -0.39224, -0.99753, 0.21672, -0.77187, -0.3622, -0.97559, -0.63627, -0.49785, 0.14327, 0.24656, 0.59457, -0.28344, -0.0043301, -0.58154, 0.16047, 0.71464, -0.24603, -1.7035, -0.65178, 0.51327, 0.3706, -0.20448], "3": [0.89466, 0.36604, 0.37588, -0.41818, 0.58462, 0.18594, -0.41907, -0.46621, -0.54903, 0.02477, -0.90816, -0.48271, -0.050742, -0.74039, 1.4377, -0.01974, -0.2384, 0.43154, -0.6612, -0.41275, 0.25475, 0.93498, 0.81404, -0.17296, 0.61296, -1.8475, -0.27616, 0.27701, 0.42347, -0.11599, 3.6243, 0.12306, -0.023526, -0.24843, -0.22376, -0.53941, -0.62444, -0.27711, 0.49406, 0.020234, -0.2346, 0.44512, 0.53397, 0.66654, -0.093662, -0.035203, -0.064194, 0.55998, -0.66593, 0.12177], "4": [0.33622, -0.065714, -0.17418, -0.51548, 0.41, 0.73034, -0.62248, 0.486, -0.43061, 0.031813, 0.44374, 0.31894, -0.68884, -0.43057, 0.77348, 0.056255, -0.18135, 0.030271, -0.46442, -0.27415, -0.15906, 0.43994, 0.74721, 0.038694, 0.17693, -1.7307, -0.033778, -0.020356, 0.26372, -0.11199, 3.2944, 0.33868, 0.2097, -0.68235, 0.32398, 0.206, 0.20842, 0.75308, -0.32878, -0.496, -0.18261, -0.25741, -0.058479, 0.56971, -0.28183, -0.37065, -0.59989, -0.30235, -0.087409, -0.3429], "5": [0.68047, -0.039263, 0.30186, -0.17792, 0.42962, 0.032246, -0.41376, 0.13228, -0.29847, -0.085253, 0.17118, 0.22419, -0.10046, -0.43653, 0.33418, 0.67846, 0.057204, -0.34448, -0.42785, -0.43275, 0.55963, 0.10032, 0.18677, -0.26854, 0.037334, -2.0932, 0.22171, -0.39868, 0.20912, -0.55725, 3.8826, 0.47466, -0.95658, -0.37788, 0.20869, -0.32752, 0.12751, 0.088359, 0.16351, -0.21634, -0.094375, 0.018324, 0.21048, -0.03088, -0.19722, 0.082279, -0.09434, -0.073297, -0.064699, -0.26044], "6": [0.79771, 0.08909, 0.17723, -0.58506, 0.5871, -0.70193, -0.78631, 1.1763, -0.25696, -0.66243, 0.058106, 0.19201, -0.04884, -0.27393, 0.95819, 1.0356, 0.14449, -0.30604, 0.044193, -0.22721, 0.027355, 0.55869, 0.12778, 0.46579, -0.017689, -1.6922, 0.44348, 0.19524, 0.41076, -0.18317, 2.795, 0.75718, -0.88726, -0.14753, 0.049552, 0.093066, 0.26452, -0.29798, 0.28468, -0.47097, -0.23936, 0.019627, 0.26852, 0.064596, -0.031655, 0.029885, -0.32127, -0.14418, -0.15139, -0.10266], "7": [0.15272, 0.36181, -0.22168, 0.066051, 0.13029, 0.37075, -0.75874, -0.44722, 0.22563, 0.10208, 0.054225, 0.13494, -0.43052, -0.2134, 0.56139, -0.21445, 0.077974, 0.10137, -0.51306, -0.40295, 0.40639, 0.23309, 0.20696, -0.12668, -0.50634, -1.7131, 0.077183, -0.39138, -0.10594, -0.23743, 3.9552, 0.66596, -0.61841, -0.3268, 0.37021, 0.25764, 0.38977, 0.27121, 0.043024, -0.34322, 0.020339, 0.2142, 0.044097, 0.14003, -0.20079, 0.074794, -0.36076, 0.43382, -0.084617, 0.1214], "8": [0.13403, 0.89178, -0.76761, -0.64184, 0.86204, 1.3122, -0.64018, 0.82067, 0.32783, 0.021457, -0.095194, 0.40825, -0.63602, -0.018275, 0.69708, -0.29531, -1.1912, -0.23897, 0.34341, -0.33196, 0.23702, 1.8364, 0.12295, -0.18624, 0.86503, -2.636, -0.7791, 0.203, 0.18985, -0.79897, 2.9882, 0.44336, -0.28367, -0.19588, 0.061875, 0.38558, -0.027622, 0.71847, 0.17156, -1.2168, 0.081636, 0.17293, -0.31718, -0.37039, 0.18977, -0.89175, 0.18492, -1.6251, 0.039134, -0.10279], "9": [-0.20343, -0.045235, 0.23346, -0.59289, 0.49678, -0.18233, -1.113, 0.32915, -0.083461, -0.46827, -0.2608, 0.062637, -0.69844, -0.059388, 0.96493, -0.27605, 0.041796, 0.44355, 0.39495, -0.7385, 0.20983, 0.29984, -0.52718, -0.13907, 0.20699, -1.6566, -0.15556, -0.089032, 0.53444, 0.34896, 3.1243, 0.7747, -0.038041, -0.63928, 0.0061523, 0.51253, -0.14199, 0.76461, 0.68417, -0.84998, -0.56657, 0.039032, -0.40812, 0.34442, -0.27174, -0.54446, 0.055983, 0.78093, 0.0046384, 1.3011], "10": [0.68047, -0.039263, 0.30186, -0.17792, 0.42962, 0.032246, -0.41376, 0.13228, -0.29847, -0.085253, 0.17118, 0.22419, -0.10046, -0.43653, 0.33418, 0.67846, 0.057204, -0.34448, -0.42785, -0.43275, 0.55963, 0.10032, 0.18677, -0.26854, 0.037334, -2.0932, 0.22171, -0.39868, 0.20912, -0.55725, 3.8826, 0.47466, -0.95658, -0.37788, 0.20869, -0.32752, 0.12751, 0.088359, 0.16351, -0.21634, -0.094375, 0.018324, 0.21048, -0.03088, -0.19722, 0.082279, -0.09434, -0.073297, -0.064699, -0.26044], "11": [0.31369, 0.73732, 0.27501, -0.51882, 0.39102, -0.84733, -0.22596, -0.3745, -0.56751, -0.10444, -0.07865, 0.50972, -0.44274, 0.038197, 0.759, 0.98204, 0.26128, -0.62279, -0.064897, -0.52966, -0.30045, -0.18522, 0.28722, 0.36005, 0.40381, -1.7122, -1.2329, 0.12507, 0.46661, -0.36031, 3.1632, 0.56363, -0.46641, -0.48497, -0.10749, -0.47382, 0.10153, -0.34646, 0.28584, -0.20812, -0.44613, 0.27223, 0.2287, 0.30833, 0.1775, 0.3363, 0.38842, -0.25642, 0.1355, 0.24894], "12": [0.49861, -0.12284, 0.44772, -0.082727, 0.78117, 0.12032, -0.044677, 0.47959, -0.24538, 0.07315, 0.13542, 0.47475, -0.45838, -0.125, 1.2397, 1.1176, 0.52392, -0.25142, 0.094939, -0.87224, -0.45383, -0.0098866, 0.46122, 0.23339, 0.3067, -2.4232, -0.21251, 0.37548, 0.92848, -0.47064, 3.6259, 0.3914, -0.94158, -0.31952, -0.12849, -0.47342, 0.41335, 0.041173, 0.30079, -0.61249, -0.23717, 0.24716, -0.0447, 0.62406, -0.27345, 0.0087021, -0.22906, 0.26395, -0.062214, 0.6292], "13": [0.49647201252705275, 0.4933718220918304, 0.1704545221730791, 0.3496591204803995, 0.5227322465188841, 0.2755552287151526, 0.28237208938646563, 0.7383386526219023, 0.7227991540946006, 0.30572619280023505, 0.5795184697748545, 0.8797164241806122, 0.8772450520347934, 0.5067975215339021, 0.0293304039418959, 0.9396227202566549, 0.2672073581116384, 0.6549061914856258, 0.7620094749451114, 0.03028702911900949, 0.024089294252599425, 0.6108973509388049, 0.9197282751211817, 0.5496642189178951, 0.3478233010497819, 0.6778619538138012, 0.2875023303273465, 0.2818728721710507, 0.2336780768847947, 0.9629081965313041, 0.2070722107917381, 0.11678274121545773, 0.9436358319519248, 0.4861618506038309, 0.7588873436231985, 0.2539387910789377, 0.7337452357504078, 0.15563189316872117, 0.9694983612440264, 0.41076785980123864, 0.9283034329965911, 0.050088345139232104, 0.9878104513964923, 0.2576118648651795, 0.9475311871895655, 0.8028896669633976, 0.44346549336755203, 0.34950603048157747, 0.37003275756218945, 0.69586903765708],