{"edges": [[0, 4], [2, 1], [4, 2], [4, 3], [4, 9], [4, 17], [4, 20], [4, 25], [9, 5], [9, 6], [9, 7], [9, 8], [9, 13], [13, 10], [13, 11], [13, 12], [13, 15], [15, 14], [17, 16], [20, 18], [20, 19], [20, 22], [22, 21], [22, 23], [22, 24]], "features": {"1": [0.7804029752300994, 0.9906179097151294, 0.29837994322160466, 0.3504036531245869, 0.13050716370734983, 0.9787008413882642, 0.17246335553149594, 0.007850480955838068, 0.9380741997011479, 0.9256670537603395, 0.8957041497477997, 0.8321167509258455, 0.15896113770077458, 0.8361105594137116, 0.7930476468955643, 0.3399122445526377, 0.04475072561707394, 0.6992887409941102, 0.37645559331685563, 0.3985854106836788, 0.9846874143087903, 0.7635338969178591, 0.5912444644601419, 0.6653770054086378, 0.8339037120670659, 0.11748080223955093, 0.8733334655783571, 0.046916571910513905, 0.42332419214906725, 0.9584950219085625, 0.33418584245232097, 0.026312996127148103, 0.21513719577408497, 0.5709473091454002, 0.7385069614150699, 0.637629222548418, 0.9278839438859123, 0.8192795194466964, 0.6985107240682239, 0.1917008581523223, 0.4793242835694148, 0.3408156639006956, 0.2690976383851703, 0.704370875964294, 0.2632452374022125, 0.3726003971571573, 0.6581284471086208, 0.6219176795500825, 0.235397469211721, 0.07271367791838401], "2": [2.029, 0.89706, 1.1477, -0.1095, -0.78831, 0.11921, -1.0305, 0.44014, 1.2014, -1.0025, 0.1753, 0.34168, -0.67764, 2.1007, -0.20691, 0.59701, -0.36446, 0.58911, -1.2247, -0.54729, 0.62474, 0.49544, -0.54507, -0.63087, 0.77056, -0.83092, 0.57181, 0.60627, 0.68712, 0.73406, 1.4294, 0.43249, -0.79437, -0.2316, 0.32594, 0.4982, 0.75383, 0.52144, 0.17356, 0.33632, -0.023193, -0.089601, 0.22459, -0.33223, -0.47681, 0.30625, 0.80171, 0.36027, -0.59204, 0.33157], "3": [0.086888, -0.19416, -0.24267, -0.33391, 0.56731, 0.39783, -0.97809, 0.03159, -0.61469, -0.31406, 0.56145, 0.12886, -0.84193, -0.46992, 0.47097, 0.023012, -0.59609, 0.22291, -1.1614, 0.3865, 0.067412, 0.44883, 0.17394, -0.53574, 0.17909, -2.1647, -0.12827, 0.29036, -0.15061, 0.35242, 3.124, -0.90085, -0.02567, -0.41709, 0.40565, -0.22703, 0.76829, 0.60982, 0.070068, -0.13271, -0.1201, 0.096132, -0.43998, -0.48531, -0.5188, -0.3077, -0.75028, -0.77, 0.3945, -0.16937], "4": [0.40167, -0.42278, 0.34675, -0.36162, 0.21494, 0.80824, -0.33118, -0.024988, 0.29322, -0.81523, 0.34371, 0.36522, -0.18203, 0.33429, 0.2796, 0.85042, -0.58492, -0.56161, 0.13503, -0.25502, 0.05524, -0.31908, 0.69745, -0.60701, -0.36309, -1.257, 0.5272, 0.55746, 0.24522, -0.28596, 2.4429, -0.82555, -0.13483, -0.49509, -0.02732, 0.81831, 1.3725, 0.54151, -0.031503, -0.037537, -0.0036787, -0.052231, -0.16148, 0.50866, -0.031097, 0.14415, -0.72193, -0.81198, -0.13357, -0.91761], "5": [0.41037, 0.11342, 0.051524, -0.53833, -0.12913, 0.22247, -0.9494, -0.18963, -0.36623, -0.067011, 0.19356, -0.33044, 0.11615, -0.58585, 0.36106, 0.12555, -0.3581, -0.023201, -1.2319, 0.23383, 0.71256, 0.14824, 0.50874, -0.12313, -0.20353, -1.82, 0.22291, 0.020291, -0.081743, -0.27481, 3.7343, -0.01874, -0.084522, -0.30364, 0.27959, 0.043328, -0.24621, 0.015373, 0.49751, 0.15108, -0.01619, 0.40132, 0.23067, -0.10743, -0.36625, -0.051135, 0.041474, -0.36064, -0.19616, -0.81066], "6": [0.76719, 0.1239, -0.11119, 0.13355, 0.18356, 0.057912, -0.3341, -0.60423, 0.47637, 0.25451, 0.19491, -0.061142, -0.45815, -0.17374, -0.32716, 0.33472, -0.3218, 0.090518, -0.24682, -0.35467, 0.55269, -0.33177, -0.58048, -0.55391, -0.64466, -1.8028, -0.65173, 0.4374, 0.051813, 0.22641, 4.2766, 0.19443, -0.13428, -0.10278, -0.062464, -0.39073, -0.29381, -0.013531, -0.58142, -0.69717, -0.068871, -0.50049, -0.013803, -0.11011, -0.64282, 0.4396, -0.22455, 0.4893, -0.26152, -0.46886], "7": [1.4522, 0.90226, -1.1469, 0.20359, -0.74777, -1.1331, -0.96184, 0.23575, -0.70237, 0.070202, -1.0326, -1.3496, 1.0819, 0.096027, -0.44634, 0.49382, 0.60629, 0.64468, -0.53637, 0.63424, 0.19893, 0.90566, -1.385, 0.74966, -0.33901, -0.055345, -0.17727, 1.0849, 0.35555, 0.077412, 1.2055, -0.073534, -0.14199, 0.33283, 0.48319, 0.5054, -0.21489, -0.21158, -0.46928, -0.050846, -0.39106, 0.29604, 0.45545, -0.21112, 0.26567, -0.04989, -0.46476, -0.9778, 0.70676, -0.62431], "8": [1.5473, -0.25673, 0.83212, 0.5942, -0.81063, -0.3485, -0.64324, -0.24313, 0.59954, 0.11125, 0.089938, -0.35603, -0.31059, 0.89063, -0.1782, 0.55006, -0.25995, 0.32735, -1.1683, 0.15576, 0.92775, -0.026655, -0.21769, -0.4945, 0.0061179, -1.2744, 0.16491, -0.242, 0.25847, 0.356, 2.7494, 0.13324, -1.6179, -0.054749, -0.27518, -0.061144, 0.4639, -0.19499, -1.3143, -0.5233, 0.098638, -0.50138, -0.31558, -0.74962, 0.42616, -0.029063, 0.23629, 0.72041, -0.17806, 0.28496], "9": [0.15728, -0.55574, 0.72423, 0.23084, -0.31139, -0.3413, -0.07583, -0.54296, 0.1319, 0.1219, -0.078471, -0.12752, 0.38156, 1.2938, -0.80035, 0.56079, -0.60463, -0.083568, -0.71688, -0.021396, -0.031043, 0.36484, -0.18153, -0.7503, 0.075754, -0.69306, 0.36186, 0.55955, 0.55961, -0.095321, 1.6133, 0.12529, -1.3211, 0.74766, -0.72517, 0.9462, 0.55716, 0.13449, -0.11515, -0.1499, 0.54128, 0.75025, -0.86573, 0.60522, 0.25461, -0.31233, 0.53436, -0.36961, 0.32481, -0.54596], "10": [0.27724, 0.88469, -0.26247, 0.084104, 0.40813, -1.1697, -0.68522, 0.1427, -0.57345, -0.58575, -0.50834, -0.86411, -0.52596, -0.56379, 0.32862, 0.43393, -0.21248, 0.49365, -1.8137, -0.035741, 1.3227, 0.80865, 0.012217, -0.087017, -0.16813, -1.5935, 0.47034, 0.26097, -0.41666, -0.38526, 3.4413, 0.34383, -0.035895, -0.5678, 0.18377, -0.48647, 0.42646, 0.4408, 1.0931, 0.063915, -0.064305, -0.29231, 0.086502, 0.35245, 0.17891, 0.25941, 0.37069, -0.51611, 0.023163, 0.05779], "11": [0.9885415734449299, 0.14005056866764976, 0.788431743855863, 0.16897740980570375, 0.34498141297963614, 0.8515439328979713, 0.8092215982888832, 0.3417142308026262, 0.4342015830875957, 0.9337090659111047, 0.08499030475668223, 0.544108040454342, 0.0556550421278762, 0.33608590040690667, 0.019461585282952276, 0.5297597476148876, 0.7916224920729861, 0.9121204465621774, 0.3537120024076029, 0.28696114022971864, 0.010983796334830709, 0.24518700385801673, 0.31898673580777825, 0.6452407606896472, 0.5276382684021539, 0.853172035059773, 0.21419926994146543, 0.37780621474781984, 0.22735538912988662, 0.8232178940782316, 0.9636817825154768, 0.8665094404055053, 0.46926104007722935, 0.17773249471082198, 0.4926768859201488, 0.23002501400936248, 0.24000511302776883, 0.4434874499238295, 0.5009421730485482, 0.6801587088416603, 0.12460331684560089, 0.36564115331194424, 0.19620239148244611, 0.9071016728349577, 0.9066307329259155, 0.7697342228635636, 0.6825170266037565, 0.9397231202384617, 0.6815951373483111, 0.27873273039034663], "12": [0.3463389218796845, 0.006323076547516404, 0.9408057975985628, 0.7673488007121602, 0.282075620510424, 0.6387593469173246, 0.608718764702932, 0.29893822078755494, 0.2908769477320051, 0.8892523668829186, 0.8088625644315579, 0.8552568465973884, 0.4710548007820242, 0.3691694920982058, 0.7042462207389278, 0.801238456108272, 0.11135852233483134, 0.8124749367833599, 0.809553382175927, 0.7875539600155171, 0.5617537390334179, 0.0704922450168457, 0.844191702850782, 0.19752759486008153, 0.49170048973331726, 0.676319719343644, 0.277852767011722, 0.8425825219463955, 0.5254755176160333, 0.45931665801476707, 0.13629350591573608, 0.3504578464442961, 0.5575418655435052, 0.29941709141725514, 0.5252047221109697, 0.33357465544424714, 0.9385945130552038, 0.9992018163059563, 0.22733213990393253, 0.158312327743112, 0.5606122151320028, 0.16678313885270613, 0.17267457537641295, 0.7529233146082477, 0.16614187048369733, 0.03677551499085252, 0.8278549775188179, 0.34435441084162977, 0.17124371891913792, 0.1329050440352325],