{"edges": [[0, 2], [2, 1], [2, 6], [2, 24], [6, 3], [6, 5], [6, 9], [6, 14], [6, 17], [6, 19], [6, 22], [5, 4], [9, 7], [9, 8], [14, 10], [14, 11], [14, 12], [14, 13], [17, 15], [17, 16], [19, 18], [22, 20], [22, 21], [22, 23]], "features": {"1": [0.4154803133422289, 0.384200390276089, 0.5755049569764492, 0.9717866398281548, 0.007749325794894957, 0.3564441795936103, 0.9833978890187173, 0.18724082337424242, 0.21735612755085731, 0.5760198705596671, 0.2813190601762545, 0.4939983261628935, 0.4801342347456621, 0.6393212224502132, 0.38764901386860484, 0.6113201613213025, 0.9469217890489423, 0.38101193800001976, 0.10388589772281787, 0.17564670302036434, 0.3331643098811936, 0.5403175919086023, 0.7258080837752949, 0.6769431622747548, 0.10818235443055324, 0.08003980187253779, 0.12272930432068485, 0.04299081384446146, 0.3821010259982326, 0.13272788485365883, 0.8383894985658042, 0.0693182605848841, 0.4949014924119324, 0.29335177709116733, 0.2689224988582485, 0.2410156455028637, 0.3289890836705499, 0.5913028901578511, 0.18926525776771963, 0.5842799384878274, 0.2688475290144039, 0.36724146267377566, 0.22141694281747726, 0.937772735066467, 0.5386721191793039, 0.06300621571589715, 0.020321531945031168, 0.0004667602109359459, 0.12524611803943486, 0.04544521672725821], "2": [0.10806, 0.48533, -0.49754, -0.44319, 0.88154, -0.19393, -0.95289, 0.24275, -1.1205, -0.77315, -0.27468, -0.23159, 0.039218, 0.02601, 0.31597, -0.11081, -0.83281, -0.11418, 0.39334, -0.31645, -0.23558, 1.4286, 0.64462, -0.26641, 1.0603, -1.708, 0.13238, 0.77529, -0.83012, 0.082186, 2.0359, -0.15072, -0.11846, -0.59553, -0.16271, -0.75801, -0.050327, 0.14092, -0.61702, 0.68241, -0.023268, 0.8171, -0.43227, -0.23032, 0.4773, -0.30327, -0.71476, 0.6998, -0.56136, 0.073431], "3": [0.38315, -0.3561, -0.1283, -0.19527, 0.047629, 0.21468, -0.98765, 0.82962, -0.42782, -0.22879, 0.10712, -0.3087, -1.2069, -0.17713, 0.88841, 0.0056658, -0.77305, -0.66913, -1.3384, 0.34676, 0.5044, 0.5125, 0.26826, -0.65313, -0.081516, -2.1658, 0.57974, 0.036345, 0.0090949, 0.25772, 3.4402, 0.20732, -0.52028, 0.026453, 0.17895, -0.017802, 0.36605, 0.34539, 0.41357, -0.2497, -0.49227, 0.17745, -0.43764, -0.3484, -0.057061, -0.039578, -0.13517, -0.4258, 0.13681, -0.77731], "4": [0.418, 0.24968, -0.41242, 0.1217, 0.34527, -0.044457, -0.49688, -0.17862, -0.00066023, -0.6566, 0.27843, -0.14767, -0.55677, 0.14658, -0.0095095, 0.011658, 0.10204, -0.12792, -0.8443, -0.12181, -0.016801, -0.33279, -0.1552, -0.23131, -0.19181, -1.8823, -0.76746, 0.099051, -0.42125, -0.19526, 4.0071, -0.18594, -0.52287, -0.31681, 0.00059213, 0.0074449, 0.17778, -0.15897, 0.012041, -0.054223, -0.29871, -0.15749, -0.34758, -0.045637, -0.44251, 0.18785, 0.0027849, -0.18411, -0.11514, -0.78581], "5": [0.38797, -1.0825, 0.45025, -0.23341, 0.086307, -0.25721, -0.18281, -0.10037, -0.50099, -0.58361, -0.052635, -0.14224, 0.0090217, -0.38308, 0.18503, 0.42444, 0.10611, -0.1487, 1.0801, 0.065757, 0.64552, 0.1908, -0.14561, -0.87237, -0.35568, -2.435, 0.28428, -0.33436, -0.56139, 0.91404, 4.0129, 0.072234, -1.2478, -0.36592, -0.50236, 0.011731, -0.27409, -0.50842, -0.2584, -0.096172, -0.67109, 0.40226, 0.27912, -0.37317, -0.45049, -0.30662, -1.6426, 1.1936, 0.65343, -0.76293], "6": [-0.32532, -1.2561, 1.034, -1.2116, 0.028548, 0.58656, -0.49176, -0.20732, 0.69639, -0.35689, 0.53904, -0.58193, -0.40916, -0.0043795, 0.62511, 0.27942, -0.94076, -0.3964, 0.18266, -0.58183, 0.66508, -0.64685, -0.20148, -0.59987, -0.96158, -0.75885, 0.54698, 0.6654, -0.41725, 0.47186, 1.3584, 0.89093, 1.4819, 0.92718, -0.21185, 0.013927, -0.17142, -0.012388, 0.78002, -0.78328, -0.79415, 0.27348, 0.11485, -0.36955, 0.2343, -0.84853, -0.016059, 0.26521, 0.0032936, -0.34987], "7": [0.76719, 0.1239, -0.11119, 0.13355, 0.18356, 0.057912, -0.3341, -0.60423, 0.47637, 0.25451, 0.19491, -0.061142, -0.45815, -0.17374, -0.32716, 0.33472, -0.3218, 0.090518, -0.24682, -0.35467, 0.55269, -0.33177, -0.58048, -0.55391, -0.64466, -1.8028, -0.65173, 0.4374, 0.051813, 0.22641, 4.2766, 0.19443, -0.13428, -0.10278, -0.062464, -0.39073, -0.29381, -0.013531, -0.58142, -0.69717, -0.068871, -0.50049, -0.013803, -0.11011, -0.64282, 0.4396, -0.22455, 0.4893, -0.26152, -0.46886], "8": [0.33333, -0.039821, 0.642, -0.21077, 0.42782, 0.38681, -0.54636, -1.4991, 0.96855, 0.89759, 0.86417, -0.37381, -0.23604, -0.55894, 0.24054, 0.88643, 0.26991, -0.68754, 0.037108, -0.22213, 0.24311, -1.4992, -0.42624, -0.86016, 0.31334, -0.48929, 0.24526, 0.14558, 0.34915, 1.3622, 3.9114, 0.841, 1.2141, -0.60177, -0.43122, -0.93663, -0.97481, 0.61869, 0.35766, -0.63933, -1.5266, -0.55207, -0.46388, -0.71072, 0.43589, -0.47324, 0.61274, 0.30331, 0.67115, 0.51056], "9": [0.11307, -0.35285, 1.308, -0.039824, -0.27502, -0.71815, -0.76808, -0.84654, 0.28802, -0.19307, 0.59605, -0.90354, 0.36327, -0.37202, 0.595, 0.8605, -0.81606, -0.73089, -0.7179, -0.54194, 0.039028, -0.92535, 0.4784, -1.4315, 0.64827, 0.0097213, -0.71313, 0.90105, -0.66801, 1.1532, 2.8859, 0.47314, 1.1338, 0.5116, -0.27443, -1.5258, -0.074118, 0.36073, 0.79455, -0.93504, -0.89923, -0.0031195, 0.19619, -1.164, -0.27595, 0.061646, 0.46222, 1.4542, 0.33561, 0.86404], "10": [0.15272, 0.36181, -0.22168, 0.066051, 0.13029, 0.37075, -0.75874, -0.44722, 0.22563, 0.10208, 0.054225, 0.13494, -0.43052, -0.2134, 0.56139, -0.21445, 0.077974, 0.10137, -0.51306, -0.40295, 0.40639, 0.23309, 0.20696, -0.12668, -0.50634, -1.7131, 0.077183, -0.39138, -0.10594, -0.23743, 3.9552, 0.66596, -0.61841, -0.3268, 0.37021, 0.25764, 0.38977, 0.27121, 0.043024, -0.34322, 0.020339, 0.2142, 0.044097, 0.14003, -0.20079, 0.074794, -0.36076, 0.43382, -0.084617, 0.1214], "11": [0.418, 0.24968, -0.41242, 0.1217, 0.34527, -0.044457, -0.49688, -0.17862, -0.00066023, -0.6566, 0.27843, -0.14767, -0.55677, 0.14658, -0.0095095, 0.011658, 0.10204, -0.12792, -0.8443, -0.12181, -0.016801, -0.33279, -0.1552, -0.23131, -0.19181, -1.8823, -0.76746, 0.099051, -0.42125, -0.19526, 4.0071, -0.18594, -0.52287, -0.31681, 0.00059213, 0.0074449, 0.17778, -0.15897, 0.012041, -0.054223, -0.29871, -0.15749, -0.34758, -0.045637, -0.44251, 0.18785, 0.0027849, -0.18411, -0.11514, -0.78581], "12": [0.17594, 0.081479, 0.48488, 1.1503, 0.35793, 0.080689, -0.56166, 0.17774, 0.75747, 0.88359, -0.044245, -0.55799, -0.5788, 0.21199, 0.69339, -0.30155, 0.56489, 0.37872, -0.70603, -0.25569, 0.65564, -0.95541, -1.123, 0.020756, -0.62319, -1.7187, -1.0469, -0.21261, 0.041972, 0.53257, 3.1583, 0.72086, 0.88138, 0.70533, -0.43314, -0.35977, -0.73642, -0.16983, 0.26122, -0.70103, -0.65441, 0.12938, -0.17945, -0.089352, 0.30962, 0.37575, -0.69915, 0.66485, 0.29083, -0.33934], "13": [0.5305385995305587, 0.7834921326636698, 0.15508901539677833, 0.9272300769905437, 0.32175504276603095, 0.8490581707332984, 0.962744548241736, 0.1842902484321317, 0.7808036036165837, 0.6853019685290502, 0.32928583868747685, 0.24842815621081227, 0.18984244942525308, 0.8814172072094307, 0.769769239264322, 0.9643850804603445, 0.9097344384607079, 0.857743987562204, 0.8724816402059973, 0.2781819414432892, 0.40489136814011195, 0.7531680888031185, 0.5983966624277499, 0.11729667136781796, 0.2214412103276302, 0.2093987804483045, 0.4465108650773417, 0.45907488108423233, 0.5818752863594602, 0.925638941515205, 0.10299056606040224, 0.4665184945204278, 0.4493855220914541, 0.301097382465057, 0.36078770929506476, 0.09025418952811892, 0.13592068573080018, 0.7709189596796054, 0.1676893566007016, 0.9292180844038119, 0.4493289385719851, 0.0731000034037288, 0.7867590831956768, 0.800567624572227, 0.7437803568401354, 0.8949093124257562, 0.9336506785736068, 0.8083992536565493, 0.8582339751419764, 0.4938022298617232],