{"edges": [[0, 13], [3, 1], [3, 2], [3, 8], [3, 9], [3, 11], [3, 12], [13, 3], [13, 21], [13, 33], [8, 4], [8, 6], [6, 5], [6, 7], [11, 10], [16, 14], [16, 15], [16, 20], [21, 16], [21, 23], [20, 17], [20, 18], [20, 19], [23, 22], [23, 26], [23, 27], [23, 30], [26, 24], [26, 25], [30, 28], [30, 29], [30, 32], [32, 31]], "features": {"1": [0.21568757627267032, 0.6395616114346212, 0.6795900770125005, 0.45352566800660454, 0.39616188351239723, 0.27245721184116034, 0.05434245191671894, 0.777544107998647, 0.034496599959416896, 0.3599169357337497, 0.684142376393556, 0.7169584407380379, 0.9244993172744628, 0.09938988197088539, 0.7856769878418504, 0.6294817797464939, 0.9072897041129645, 0.6064718104113114, 0.684770458821099, 0.6775708207609825, 0.28054907932324846, 0.9778065630138588, 0.7197533499531943, 0.6345737667798802, 0.5046519637840756, 0.41780460011940657, 0.9037279523049824, 0.09998069458797754, 0.8715142134274751, 0.7780686975867473, 0.378832218182678, 0.6623512380553207, 0.5569760984493729, 0.2252617631601075, 0.344321662642708, 0.2157624855833199, 0.5103994820518447, 0.17724808539199277, 0.5425135702078587, 0.6290205981641417, 0.8230227693796086, 0.7337496941036321, 0.6281494455994633, 0.7002946839274595, 0.7948082415126819, 0.6695862042613341, 0.33319700744048375, 0.7980804738112203, 0.8884312914947693, 0.11614726650911167], "2": [0.24444, -0.16053, 0.066681, 1.0138, 1.1697, -0.83291, -0.31749, -0.0014103, 0.046096, -1.6956, 0.39535, 0.97831, -1.5315, 0.04192, 0.18251, 0.43828, 0.018746, 0.43894, 0.05775, -0.076984, 0.19547, 0.12758, -0.56895, -0.48464, -0.81186, -2.3198, -0.20311, -0.40964, -1.7205, 1.0985, 2.2903, -0.72011, -0.27931, -0.36026, 0.013228, -0.43625, -0.24718, -0.43086, 0.78072, 0.24224, -0.27596, 1.3542, -0.64568, -0.77009, 0.66655, 0.021232, -1.0171, 0.74007, 0.19035, 1.0739], "3": [0.53567, -0.46164, 0.3376, 1.5365, 0.66307, -0.83601, -0.70347, 0.084146, 0.10951, -1.8116, 0.40438, 0.24075, -1.2367, -0.70596, 0.43813, 0.40768, 0.42668, -0.27127, 0.010606, -0.64749, -0.56445, 0.35859, -0.62408, -0.75189, 0.06367, -1.5258, 0.25164, 0.0011704, -1.0117, 0.010488, 2.242, -0.72484, -0.4035, -0.092362, -0.37119, -0.67176, 1.1226, -0.9767, 0.53339, 1.6362, 0.54224, 1.2687, -0.30396, -1.1297, 0.98589, -0.59076, -1.6052, 1.5249, 0.13006, 1.36], "4": [0.33042, 0.24995, -0.60874, 0.10923, 0.036372, 0.151, -0.55083, -0.074239, -0.092307, -0.32821, 0.09598, -0.82269, -0.36717, -0.67009, 0.42909, 0.016496, -0.23573, 0.12864, -1.0953, 0.43334, 0.57067, -0.1036, 0.20422, 0.078308, -0.42795, -1.7984, -0.27865, 0.11954, -0.12689, 0.031744, 3.8631, -0.17786, -0.082434, -0.62698, 0.26497, -0.057185, -0.073521, 0.46103, 0.30862, 0.12498, -0.48609, -0.0080272, 0.031184, -0.36576, -0.42699, 0.42164, -0.11666, -0.50703, -0.027273, -0.53285], "5": [0.418, 0.24968, -0.41242, 0.1217, 0.34527, -0.044457, -0.49688, -0.17862, -0.00066023, -0.6566, 0.27843, -0.14767, -0.55677, 0.14658, -0.0095095, 0.011658, 0.10204, -0.12792, -0.8443, -0.12181, -0.016801, -0.33279, -0.1552, -0.23131, -0.19181, -1.8823, -0.76746, 0.099051, -0.42125, -0.19526, 4.0071, -0.18594, -0.52287, -0.31681, 0.00059213, 0.0074449, 0.17778, -0.15897, 0.012041, -0.054223, -0.29871, -0.15749, -0.34758, -0.045637, -0.44251, 0.18785, 0.0027849, -0.18411, -0.11514, -0.78581], "6": [-0.21253, -0.75435, 0.094368, 0.095026, 0.68, -0.28077, -0.59397, 0.72911, -0.58859, -1.1119, -0.80573, 0.12563, 0.82464, -0.89265, 0.021317, 0.14713, -0.11291, -0.25379, 0.15137, 0.45707, -0.016772, -0.89628, -0.058417, -0.46347, 0.34444, -2.7354, 0.19521, -0.027751, -0.85062, 0.033583, 1.7297, -0.30365, -0.85606, -0.77663, 0.55297, -0.38174, -0.42086, 0.39277, -0.13629, -0.17497, -1.2703, 1.9003, -1.1917, -1.0966, -1.124, -0.22946, -1.0316, -0.32285, 0.88847, 0.87791], "7": [0.23727, 0.40478, -0.20547, 0.58805, 0.65533, 0.32867, -0.81964, -0.23236, 0.27428, 0.24265, 0.054992, 0.16296, -1.2555, -0.086437, 0.44536, 0.096561, -0.16519, 0.058378, -0.38598, 0.086977, 0.0033869, 0.55095, -0.77697, -0.62096, 0.092948, -2.5685, -0.67739, 0.10151, -0.48643, -0.057805, 3.1859, -0.017554, -0.16138, 0.055486, -0.25885, -0.33938, -0.19928, 0.26049, 0.10478, -0.55934, -0.12342, 0.65961, -0.51802, -0.82995, -0.082739, 0.28155, -0.423, -0.27378, -0.007901, -0.030231], "8": [0.25481, 0.054909, 0.32375, 0.21429, 0.48137, -0.75424, -0.78087, -0.29439, 0.024477, -1.2903, -0.69475, -0.33993, -0.3687, -0.0011398, 0.51126, 0.27465, -0.86396, 0.070632, 0.62489, -0.043111, 1.0666, 0.24161, -0.536, -0.31515, -0.74103, -2.104, 0.024429, 0.43665, -0.68109, 0.19043, 2.8783, -0.25616, -0.56676, -1.1168, -0.29901, 0.29706, 0.40172, 0.21947, 0.64514, -0.18449, -0.28797, 0.59847, -0.27569, -0.0049195, -0.7356, -0.15342, -0.99148, -0.045975, 0.72543, 0.41688], "9": [0.013441, 0.23682, -0.16899, 0.40951, 0.63812, 0.47709, -0.42852, -0.55641, -0.364, -0.23938, 0.13001, -0.063734, -0.39575, -0.48162, 0.23291, 0.090201, -0.13324, 0.078639, -0.41634, -0.15428, 0.10068, 0.48891, 0.31226, -0.1252, -0.037512, -1.5179, 0.12612, -0.02442, -0.042961, -0.28351, 3.5416, -0.11956, -0.014533, -0.1499, 0.21864, -0.33412, -0.13872, 0.31806, 0.70358, 0.44858, -0.080262, 0.63003, 0.32111, -0.46765, 0.22786, 0.36034, -0.37818, -0.56657, 0.044691, 0.30392], "10": [0.653459282788281, 0.9355911043866768, 0.47800845026149974, 0.9294567243222328, 0.862894577898463, 0.6452625535975286, 0.21927650304177948, 0.8796458288507448, 0.38531014564324173, 0.17200498914600482, 0.7626825072963626, 0.03865781821401526, 0.10587839189542925, 0.3583344352379234, 0.3509412979937796, 0.882787020215498, 0.8609400239661283, 0.21521835472912532, 0.2807772526249176, 0.4979374260625753, 0.29183926060950083, 0.2996900847500179, 0.4656556613256706, 0.8314177348958717, 0.47727860973239244, 0.7041116967168589, 0.10853626792043647, 0.575491826075935, 0.7225578349557819, 0.3606129466315925, 0.876156207037653, 0.1685406135360461, 0.9175656414170948, 0.5892657014100545, 0.16299360338982227, 0.034880778430353865, 0.9506956156863907, 0.7811869468502556, 0.619342804664261, 0.9737039790580143, 0.2999186385807667, 0.09709121595654924, 0.948250399373621, 0.4075535611772094, 0.22372420870667076, 0.6461487648479098, 0.10791638658470304, 0.5393045740109944, 0.4685024525910245, 0.8360762930923882], "11": [0.8238730712009846, 0.25220695963495765, 0.9864529383081568, 0.0627058900262979, 0.6343458599241348, 0.894912614227051, 0.5828079916802424, 0.6001697597237765, 0.9892946984907077, 0.45307631336024357, 0.5773062235000738, 0.28275269470726405, 0.911179917344332, 0.5378766944120521, 0.8820112887889754, 0.46371505847653127, 0.584913450311962, 0.30116169048627883, 0.06355832185593024, 0.5526400884899146, 0.06568595425895585, 0.7575375741383813, 0.05690977183271373, 0.5471967200150907, 0.46473464674741427, 0.8682677022317442, 0.6078867089650263, 0.9367575872279731, 0.31151471473488335, 0.35213065079313677, 0.7168441098118319, 0.5252750421156872, 0.991578493144809, 0.3761500716125876, 0.4438173498234418, 0.5913023733864046, 0.6776353571888776, 0.8785967750240223, 0.2574882069241613, 0.4627885250429269, 0.7600842311316158, 0.29964861652471086, 0.11066646866245866, 0.8112664702274841, 0.23340428323882978, 0.6950500044964226, 0.9188142726830202, 0.1314170622639017, 0.09049280493721856, 0.5208152850904227], "12": [0.013441, 0.23682, -0.16899, 0.40951, 0.63812, 0.47709, -0.42852, -0.55641, -0.364, -0.23938, 0.13001, -0.063734, -0.39575, -0.48162, 0.23291, 0.090201, -0.13324, 0.078639, -0.41634, -0.15428, 0.10068, 0.48891, 0.31226, -0.1252, -0.037512, -1.5179, 0.12612, -0.02442, -0.042961, -0.28351, 3.5416, -0.11956, -0.014533, -0.1499, 0.21864, -0.33412, -0.13872, 0.31806, 0.70358, 0.44858, -0.080262, 0.63003, 0.32111, -0.46765, 0.22786, 0.36034, -0.37818, -0.56657, 0.044691, 0.30392],