{"edges": [[0, 9], [9, 1], [9, 6], [9, 8], [9, 12], [9, 19], [5, 2], [5, 3], [5, 4], [1, 5], [8, 7], [12, 10], [12, 11], [12, 16], [16, 13], [16, 14], [16, 15], [16, 18], [18, 17]], "features": {"1": [0.1310536824919798, 0.7679198744661497, 0.4219433866214498, 0.7132941142607363, 0.9836342383078137, 0.30832595442998745, 0.08773647955020936, 0.7972885385673053, 0.5404248777161288, 0.7700932808054767, 0.5437388866237677, 0.9825178678387496, 0.4993240902541951, 0.9841005880555159, 0.9205354335464622, 0.04921158390564562, 0.8620975243840777, 0.7226639047879824, 0.25212359757713987, 0.6529636111133753, 0.5214618457227079, 0.22189759453751323, 0.589341056455534, 0.532812410591937, 0.3045933082920368, 0.2774768632838548, 0.24102299514939296, 0.811894047767943, 0.5856820791110537, 0.2666944225951514, 0.01476221519232701, 0.4002339953573487, 0.3575200924391365, 0.8863668807446763, 0.7868647284932238, 0.4802674107654783, 0.46438206068904075, 0.01912053297257521, 0.5186779703740438, 0.839659686291484, 0.8977700903575009, 0.7744635690230992, 0.24227575477829122, 0.23265872065228177, 0.38154741759132293, 0.3730607864122141, 0.07081114551410395, 0.5467233522004346, 0.5610727772942531, 0.266193131579576], "2": [0.30806, -0.29665, -0.25706, -0.5871, 0.095135, -0.15211, -0.91478, 0.75727, -0.30423, -0.29058, -0.13034, -0.10095, -0.89755, -0.0047833, 0.8006, 0.16963, -0.50634, -0.65842, -1.1339, -0.11095, 0.65418, 0.35378, 0.6365, -0.30083, 0.026192, -1.9383, 0.69073, 0.17019, 0.19922, -0.39307, 3.4795, 0.32546, -0.76314, -0.15125, 0.18169, -0.0076951, 0.55525, 0.56142, 0.2797, -0.12891, -0.39037, 0.0044389, -0.32367, 0.0098883, -0.37866, 0.30018, 0.20875, -0.53844, -0.11058, -0.54785], "3": [0.418, 0.24968, -0.41242, 0.1217, 0.34527, -0.044457, -0.49688, -0.17862, -0.00066023, -0.6566, 0.27843, -0.14767, -0.55677, 0.14658, -0.0095095, 0.011658, 0.10204, -0.12792, -0.8443, -0.12181, -0.016801, -0.33279, -0.1552, -0.23131, -0.19181, -1.8823, -0.76746, 0.099051, -0.42125, -0.19526, 4.0071, -0.18594, -0.52287, -0.31681, 0.00059213, 0.0074449, 0.17778, -0.15897, 0.012041, -0.054223, -0.29871, -0.15749, -0.34758, -0.045637, -0.44251, 0.18785, 0.0027849, -0.18411, -0.11514, -0.78581], "4": [0.6208842925452644, 0.5361248894476965, 0.6930280564509111, 0.47216646944901175, 0.093543155512122, 0.5804914693051549, 0.6965699146233366, 0.28748944554685185, 0.22595024371578576, 0.15518253331214082, 0.8451789644788674, 0.6848212280475166, 0.5923375379774511, 0.48980978899841066, 0.46329653189341513, 0.2719673123610463, 0.8859851883791909, 0.11953042085615984, 0.47330101879153674, 0.9836072808053615, 0.35673267976865863, 0.3961531473570733, 0.7439545025105259, 0.1163723560179224, 0.6013479082803661, 0.14460610520630046, 0.7552583620623042, 0.32185205307273035, 0.44450632981973415, 0.824688616470565, 0.8703319286874833, 0.7944249730800967, 0.15668823192444525, 0.6126578493075056, 0.402398138234194, 0.25494993812193223, 0.4145226038874035, 0.5797141466913445, 0.6069424634073392, 0.34334703464921057, 0.899504407592356, 0.37780734113446124, 0.413116602542939, 0.17671798101457092, 0.8137134097838092, 0.2930021659845585, 0.11249672988094284, 0.9067248609466745, 0.4316937840074554, 0.6911221101040306], "5": [0.8123207606544497, 0.7980426297563401, 0.2056034689407653, 0.7289513243461943, 0.6583983383539425, 0.27825452544184803, 0.5043585532493896, 0.16741261237319027, 0.793358341929346, 0.980949650636216, 0.5421607217877764, 0.7953714227557244, 0.03808836232829049, 0.9202525592825016, 0.5041894306715959, 0.5520315030086799, 0.9016027484235652, 0.07266841177454164, 0.872858031851515, 0.2408076790199003, 0.8437552640022269, 0.803305319595231, 0.6562422695775236, 0.8982923460620781, 0.05101072311473376, 0.30550714825441305, 0.8120081203395042, 0.9059668771516388, 0.08995540330900476, 0.949066225273166, 0.6612486430141763, 0.8306462722194305, 0.19997628508790866, 0.3896920167661686, 0.8861015219628101, 0.3296369931631741, 0.6571136942835285, 0.2162842568512946, 0.9594092539705995, 0.5674087105684327, 0.42762234578196634, 0.12775433587345597, 0.3495645919659738, 0.04534375523530121, 0.33331192712054925, 0.18084174497190852, 0.8291930589763641, 0.808063490152396, 0.346151253753641, 0.6948674327232788], "6": [0.013441, 0.23682, -0.16899, 0.40951, 0.63812, 0.47709, -0.42852, -0.55641, -0.364, -0.23938, 0.13001, -0.063734, -0.39575, -0.48162, 0.23291, 0.090201, -0.13324, 0.078639, -0.41634, -0.15428, 0.10068, 0.48891, 0.31226, -0.1252, -0.037512, -1.5179, 0.12612, -0.02442, -0.042961, -0.28351, 3.5416, -0.11956, -0.014533, -0.1499, 0.21864, -0.33412, -0.13872, 0.31806, 0.70358, 0.44858, -0.080262, 0.63003, 0.32111, -0.46765, 0.22786, 0.36034, -0.37818, -0.56657, 0.044691, 0.30392], "7": [0.29108679055625075, 0.22720001226241293, 0.46756592355396465, 0.4847005866240319, 0.8844594600809391, 0.12409550070188691, 0.09022312340704375, 0.17462905346399193, 0.8017263266580036, 0.7862827835617171, 0.11130774396664267, 0.7928749981264229, 0.7279339259356913, 0.988833229434572, 0.25136666990045997, 0.0041641110591025265, 0.1319245702234617, 0.13883193477314182, 0.853038875684456, 0.6313807690559392, 0.045943319344777245, 0.5870029170530957, 0.6232216138372225, 0.8303171156741155, 0.9815040979397083, 0.015737565880473037, 0.4054870087067216, 0.4380523428172368, 0.9094636395527924, 0.5778541205501649, 0.7726641238480688, 0.6664133937026235, 0.08683237261719856, 0.41268986159378496, 0.1239368527121375, 0.2903345807678861, 0.9879114997542451, 0.47804243627952103, 0.7418108203351266, 0.0728380163583433, 0.030355813067915127, 0.19727049986694323, 0.33199063042213406, 0.43984866036816794, 0.7554654770467288, 0.9251002398228723, 0.3148000261356775, 0.5746193463149998, 0.9782601763916607, 0.433829988890297], "8": [0.7863985141271823, 0.704626197586029, 0.9875765293745044, 0.14046721515093596, 0.6083505200419452, 0.35061007893029605, 0.6045762557198914, 0.2869024737958268, 0.173533572817392, 0.30596765503512835, 0.7182942562100452, 0.11757531189537396, 0.3337118347714185, 0.299613616262031, 0.9402358046816135, 0.066498774987652, 0.8723674738835259, 0.8562640903263314, 0.6215657260191457, 0.009332921321563936, 0.7265972284558722, 0.21961985431203457, 0.030794615067315845, 0.7380359194804704, 0.30197455350676494, 0.9473154891626347, 0.11075738896552201, 0.4735612262723077, 0.6573973334353104, 0.43265762739391544, 0.08931472454982403, 0.497305329908895, 0.01005317597639499, 0.1784731539730059, 0.7371995846135015, 0.06824217177385561, 0.07501527910973949, 0.7907455639072944, 0.574503847502915, 0.386947002937432, 0.3954067568370301, 0.13886460021397906, 0.7072217987482222, 0.044433149476018174, 0.5803969205686601, 0.24338999181555288, 0.6013595322750752, 0.15927171433509002, 0.36279447828543165, 0.13983623259704137], "9": [0.58175, 0.25811, -0.20773, -0.17999, 0.020993, 0.43719, -0.017091, -1.3567, -0.3178, -0.60756, -0.93581, 0.25567, -0.84361, -0.0079499, -0.13764, -0.070604, -0.19076, -0.92535, 1.0672, -0.32892, 0.34677, -0.067656, -0.10943, -1.314, -0.090068, -0.57003, 0.20158, 0.40584, -0.6646, 0.1204, 1.5737, -0.23697, -0.83338, -0.73631, 0.21681, -0.26717, 0.27258, 0.34444, -0.97203, -0.028304, -0.59306, -0.39925, 0.15686, -0.34781, -0.25567, -0.027241, 0.25397, 1.4897, 0.37038, 0.35493], "10": [0.418, 0.24968, -0.41242, 0.1217, 0.34527, -0.044457, -0.49688, -0.17862, -0.00066023, -0.6566, 0.27843, -0.14767, -0.55677, 0.14658, -0.0095095, 0.011658, 0.10204, -0.12792, -0.8443, -0.12181, -0.016801, -0.33279, -0.1552, -0.23131, -0.19181, -1.8823, -0.76746, 0.099051, -0.42125, -0.19526, 4.0071, -0.18594, -0.52287, -0.31681, 0.00059213, 0.0074449, 0.17778, -0.15897, 0.012041, -0.054223, -0.29871, -0.15749, -0.34758, -0.045637, -0.44251, 0.18785, 0.0027849, -0.18411, -0.11514, -0.78581],