{"edges": [[0, 13], [13, 1], [13, 4], [13, 6], [13, 15], [13, 22], [3, 2], [1, 3], [6, 5], [6, 7], [6, 12], [12, 8], [12, 9], [12, 10], [12, 11], [15, 14], [15, 16], [15, 21], [21, 17], [21, 19], [19, 18], [19, 20]], "features": {"1": [0.2564720458928864, 0.3338553500824011, 0.895688183359857, 0.0436263749016077, 0.22873916914672177, 0.7190562740435481, 0.37857635540459644, 0.7569082778705694, 0.07507096069386132, 0.11522266553674265, 0.16473231968200708, 0.738067597683988, 0.7131799581956723, 0.6521040266386556, 0.7428720836243962, 0.44034091107892226, 0.2502753379268078, 0.8000682825937275, 0.6333878162645896, 0.4216056581047771, 0.7456323382428806, 0.8328936668682042, 0.14484546370053442, 0.8173867327733347, 0.4888376971939934, 0.41059010532768103, 0.7034922537818113, 0.06170424374814665, 0.17133285332248727, 0.7905479209750463, 0.26179387253461794, 0.7799566806754309, 0.1070948289570488, 0.43484993880522627, 0.9515461794495523, 0.14272695578423533, 0.14583653227595028, 0.9738110414183482, 0.46045695481803217, 0.71300160837267, 0.6264545287245767, 0.6876210852011576, 0.7572942271088118, 0.2236419394045427, 0.7993047743034339, 0.6199801849181479, 0.7469568998713548, 0.4427771698724354, 0.9369568389098097, 0.9181175357495092], "2": [-0.47911, 0.014279, 0.17134, 0.30503, 0.39181, 0.19936, -0.062866, -0.64808, 1.1257, -0.60674, 0.037841, 0.53811, 0.12379, -0.25426, 0.49036, 0.61783, -0.44545, -1.2517, 1.204, -0.91313, -0.054339, 0.90246, -1.365, -0.3784, 0.29846, -1.5327, -0.33728, -0.42505, 0.48973, 0.069058, 1.663, 0.036026, -0.24581, -1.4251, -1.4499, -0.19002, 0.316, -0.9573, -0.46279, -0.6899, 0.73478, -0.30386, 1.1467, 2.0523, -0.26068, -0.2404, -0.46979, 0.19663, 0.13808, 0.30681], "3": [-1.1832, -0.91248, -1.0874, -0.52611, -0.59133, 0.90597, 0.23737, -1.2453, 0.31221, -0.18614, 0.047556, 0.66195, 0.034929, -0.1288, 0.38821, 0.17066, -0.13575, -1.0389, 0.75063, -0.41731, 0.71746, -0.13975, -0.54515, -0.12073, -0.40956, -2.349, 0.065296, -0.82423, 0.51494, -0.13903, 2.6371, -0.28108, -1.3046, -1.2122, -0.24492, -0.25433, 0.3531, -0.6155, -0.5967, 0.52287, -0.81452, -0.034609, 1.631, 1.4932, -0.77162, 0.065482, -0.56947, 0.19967, 0.82442, -0.28176], "4": [0.013441, 0.23682, -0.16899, 0.40951, 0.63812, 0.47709, -0.42852, -0.55641, -0.364, -0.23938, 0.13001, -0.063734, -0.39575, -0.48162, 0.23291, 0.090201, -0.13324, 0.078639, -0.41634, -0.15428, 0.10068, 0.48891, 0.31226, -0.1252, -0.037512, -1.5179, 0.12612, -0.02442, -0.042961, -0.28351, 3.5416, -0.11956, -0.014533, -0.1499, 0.21864, -0.33412, -0.13872, 0.31806, 0.70358, 0.44858, -0.080262, 0.63003, 0.32111, -0.46765, 0.22786, 0.36034, -0.37818, -0.56657, 0.044691, 0.30392], "5": [0.6162149532657984, 0.7894360608860642, 0.9774091394973018, 0.017053888646570092, 0.37949561754006367, 0.25376642252697357, 0.8235555074436185, 0.7805194623191973, 0.06653397348045198, 0.29105582523554474, 0.28439461140831657, 0.4417443688685194, 0.5853744205558932, 0.5455828101608703, 0.46537417009454307, 0.16166450887830341, 0.2755569173027952, 0.3902915561876953, 0.742155732207987, 0.3746230149650087, 0.9410112604832697, 0.7230048466427077, 0.8981722775837734, 0.16622146842528762, 0.9904765349832394, 0.8855006599956745, 0.6870833704087532, 0.307381215786949, 0.9863283682109211, 0.48962441341353957, 0.47123285217062083, 0.5921013242948756, 0.2800642374423762, 0.3524769810938395, 0.9791357311803279, 0.42349085108117535, 0.6960843308509692, 0.8850004280907066, 0.09295824498857863, 0.48016959647054913, 0.7868247927103613, 0.7213774916455268, 0.3653264454547507, 0.11336705548064907, 0.23721769684721639, 0.6158307380552515, 0.0751319835769867, 0.15882695242681588, 0.14625246456232333, 0.6104366648036635], "6": [0.8660431483091061, 0.09477590168176198, 0.9074440464593987, 0.6559808844716971, 0.8334454504351546, 0.5561044989079633, 0.01375755625938535, 0.4859370188534472, 0.5558817302549167, 0.48129594754972693, 0.5354238525647397, 0.18483016817612274, 0.3340483314743904, 0.30222489674240194, 0.22984777378481946, 0.2632854199257372, 0.9684041628506495, 0.8597581070348558, 0.25430635163180837, 0.4169350804211146, 0.7140719675181328, 0.6711008723463622, 0.9227106563824008, 0.9157082140849572, 0.28492075035026543, 0.9956252259935923, 0.9585631479594771, 0.8807775264152925, 0.47456683032309943, 0.20963876965936168, 0.4850806982860628, 0.19454886911345892, 0.16105896109846363, 0.9463219608346889, 0.08519468106684236, 0.8246050936249288, 0.02295652191019637, 0.7673095332949066, 0.6140603464994996, 0.47564300776039703, 0.9462723002980243, 0.9292260424741123, 0.21238578042737932, 0.1233928140353805, 0.6147971519416435, 0.20134188535072228, 0.8749139848626712, 0.24840706479887587, 0.058104637969942696, 0.09098629838603856], "7": [0.26818, 0.14346, -0.27877, 0.016257, 0.11384, 0.69923, -0.51332, -0.47368, -0.33075, -0.13834, 0.2702, 0.30938, -0.45012, -0.4127, -0.09932, 0.038085, 0.029749, 0.10076, -0.25058, -0.51818, 0.34558, 0.44922, 0.48791, -0.080866, -0.10121, -1.3777, -0.10866, -0.23201, 0.012839, -0.46508, 3.8463, 0.31362, 0.13643, -0.52244, 0.3302, 0.33707, -0.35601, 0.32431, 0.12041, 0.3512, -0.069043, 0.36885, 0.25168, -0.24517, 0.25381, 0.1367, -0.31178, -0.6321, -0.25028, -0.38097], "8": [0.8784118540417459, 0.054047773123093945, 0.46838135237478484, 0.4191782230214427, 0.40483636704603954, 0.1990770471732659, 0.098436216012047, 0.9465660374326186, 0.2633237151500435, 0.3324613065328691, 0.8227034121328284, 0.44313493187612885, 0.13880153792236272, 0.44992059124174943, 0.46808369661497695, 0.31270449800138433, 0.012045114366400433, 0.33410907212258434, 0.4350229532521097, 0.7182561520398776, 0.9166399340655528, 0.6303085269926911, 0.3589542779551772, 0.823663235113597, 0.6929083467220805, 0.5483929285709805, 0.5339823034560076, 0.8915588953959523, 0.9616310887012459, 0.23382388257793474, 0.6789257642095207, 0.28536200512832177, 0.3023934744891672, 0.8744987277229924, 0.797469144052371, 0.6134279797566284, 0.7958291360692671, 0.6002307007433035, 0.5528947929992164, 0.44209900841305694, 0.9954937139216085, 0.42617569866979055, 0.03863834934337862, 0.4295675102058869, 0.9458932965766522, 0.995694248113846, 0.17409528788691664, 0.7372783823969473, 0.200298003735772, 0.2022430847488701], "9": [0.7107183866868833, 0.2856908556430593, 0.22870903393764574, 0.08037033936845561, 0.1794726179263577, 0.9633675974393581, 0.12147275031791727, 0.12226561502793531, 0.016917257322360824, 0.5737870896332881, 0.7065095777813225, 0.706000597522791, 0.11971757106364311, 0.16597355926963653, 0.24571520736477326, 0.9349006249127649, 0.7537329097493238, 0.2153993878641568, 0.6055763890272907, 0.5497042673444944, 0.23152653750126695, 0.939790404105678, 0.35293439887487277, 0.26951239226858703, 0.08553693915541194, 0.41936286469892925, 0.5369247466507968, 0.6480682088853141, 0.6235723454561417, 0.9264502231771341, 0.4243956078675758, 0.49537354636090014, 0.2980952851495904, 0.04782906196356618, 0.8702236262744807, 0.9258062610552632, 0.534685045539927, 0.6654160008510704, 0.6252328269533416, 0.7371872114200057, 0.01492837919797485, 0.9600960895173287, 0.5384619162636175, 0.3058426740088436, 0.6444327011399013, 0.5190403162351998, 0.8348436543662718, 0.9171813482137333, 0.2575050230007828, 0.7807086138603843], "10": [0.53567, -0.46164, 0.3376, 1.5365, 0.66307, -0.83601, -0.70347, 0.084146, 0.10951, -1.8116, 0.40438, 0.24075, -1.2367, -0.70596, 0.43813, 0.40768, 0.42668, -0.27127, 0.010606, -0.64749, -0.56445, 0.35859, -0.62408, -0.75189, 0.06367, -1.5258, 0.25164, 0.0011704, -1.0117, 0.010488, 2.242, -0.72484, -0.4035, -0.092362, -0.37119, -0.67176, 1.1226, -0.9767, 0.53339, 1.6362, 0.54224, 1.2687, -0.30396, -1.1297, 0.98589, -0.59076, -1.6052, 1.5249, 0.13006, 1.36],