{"edges": [[0, 3], [3, 1], [3, 2], [3, 10], [3, 25], [10, 4], [10, 13], [4, 5], [4, 6], [4, 7], [4, 8], [4, 9], [13, 11], [13, 12], [13, 17], [17, 14], [17, 16], [17, 19], [17, 24], [16, 15], [19, 18], [24, 20], [24, 21], [24, 22], [24, 23]], "features": {"1": [0.1531307616570482, 0.8534053529382467, 0.43609845156157434, 0.926486675589324, 0.023397556571766676, 0.37875508487925014, 0.734433651024609, 0.23459369937337693, 0.7073508410443603, 0.8057974016953663, 0.8242178621350027, 0.7079126265621797, 0.6122860747646788, 0.9817608321266748, 0.14669805095127575, 0.10026200768984839, 0.7600403992001302, 0.8563602695346725, 0.6599174075440578, 0.30893992327753694, 0.6728038049342804, 0.43833877392192666, 0.8130542594793279, 0.28908902220519483, 0.34692629061220137, 0.6881285006668636, 0.2467547033501809, 0.5389516336741225, 0.8626183306396031, 0.4908787863549364, 0.6235848674303544, 0.9063988143930901, 0.08410360386830251, 0.9397242445279987, 0.49735106356093706, 0.9521254544858717, 0.6230771656105022, 0.4637726306764147, 0.09984274598203069, 0.026461093984938455, 0.74737407304262, 0.24105944041525706, 0.20415950200263144, 0.9189103405482061, 0.016490124247748428, 0.20320815845999418, 0.36002702915166174, 0.5789545390002895, 0.508355060852941, 0.2400538601292047], "2": [0.45323, 0.059811, -0.10577, -0.333, 0.72359, -0.08717, -0.61053, -0.037695, -0.30945, 0.21805, -0.43605, 0.47318, -0.76866, -0.2713, 1.1042, 0.59141, 0.56962, -0.18678, 0.14867, -0.67292, -0.34672, 0.52284, 0.22959, -0.072014, 0.93967, -2.3985, -1.3238, 0.28698, 0.75509, -0.76522, 3.3425, 0.17233, -0.51803, -0.8297, -0.29333, -0.50076, -0.15228, 0.098973, 0.18146, -0.1742, -0.40666, 0.20348, -0.011788, 0.48252, 0.024598, 0.34064, -0.084724, 0.5324, -0.25103, 0.62546], "3": [0.29605, -0.13841, 0.043774, -0.38744, 0.12262, -0.6518, -0.2824, 0.090312, -0.55186, 0.3206, 0.0037422, 0.93229, -0.22034, -0.21922, 0.9217, 0.75724, 0.84892, -0.0042197, 0.53626, -1.2667, -0.61028, 0.167, 0.82753, 0.65765, 0.48959, -1.9744, -1.149, -0.21461, 0.80539, -1.4745, 3.749, 1.0141, -1.1293, -0.52661, -0.12029, -0.27931, 0.065092, -0.043639, 0.60426, -0.20892, -0.45739, 0.010441, 0.41458, 0.689, 0.14468, -0.031973, -0.048073, -0.00011279, 0.13854, 0.96954], "4": [0.8450225959339743, 0.4157333429724439, 0.8213764233620499, 0.4667840619411089, 0.2583900589371433, 0.9027919389917758, 0.6183550789293781, 0.128433015341466, 0.16601011025363133, 0.4765795042373375, 0.7906764240799139, 0.9044480660518801, 0.6479494553346682, 0.10520247806179839, 0.6788148630136988, 0.8346283753849011, 0.9742648446555177, 0.14674846602233793, 0.8090415191980581, 0.276505695723566, 0.3106350850922812, 0.8167282171135253, 0.47998894087108246, 0.7061783257896966, 0.7353061159435079, 0.456561561788267, 0.975413386561746, 0.080579551267011, 0.7551213661816469, 0.23774221596216916, 0.5664661438108203, 0.7812643425747176, 0.37279288835588453, 0.7527584489197061, 0.5889114618384295, 0.022790748902047575, 0.9558248400435423, 0.49236057205051187, 0.9529540711578387, 0.2686493261277403, 0.7691012408875801, 0.45852378585100184, 0.1704594753705322, 0.49330651225181676, 0.5166187836509887, 0.7285931921438406, 0.21239589817292126, 0.3347274688222023, 0.397412622899305, 0.5331683199039018], "5": [0.013441, 0.23682, -0.16899, 0.40951, 0.63812, 0.47709, -0.42852, -0.55641, -0.364, -0.23938, 0.13001, -0.063734, -0.39575, -0.48162, 0.23291, 0.090201, -0.13324, 0.078639, -0.41634, -0.15428, 0.10068, 0.48891, 0.31226, -0.1252, -0.037512, -1.5179, 0.12612, -0.02442, -0.042961, -0.28351, 3.5416, -0.11956, -0.014533, -0.1499, 0.21864, -0.33412, -0.13872, 0.31806, 0.70358, 0.44858, -0.080262, 0.63003, 0.32111, -0.46765, 0.22786, 0.36034, -0.37818, -0.56657, 0.044691, 0.30392], "6": [0.7745331678828843, 0.09787259258260284, 0.5168724281003805, 0.4279065620438077, 0.9718933135673195, 0.11775739578054156, 0.8131823235500037, 0.0682929414443586, 0.24411006497090937, 0.4222734726389161, 0.3671103473887366, 0.25536277128937024, 0.6034563632362603, 0.17864811173525874, 0.1089278178072286, 0.24454856691288274, 0.42785279725589265, 0.018545929434592656, 0.6553227101059179, 0.6236527956804735, 0.7270375571699337, 0.23029666597766296, 0.06694050677894281, 0.8332210617671721, 0.445367591582143, 0.25073385552706173, 0.6591683850075784, 0.13809998209075813, 0.5274379812007812, 0.17190663637516423, 0.7888374983675874, 0.5000011250273845, 0.8742782809197239, 0.5843170363896366, 0.9931159010401175, 0.6451769678807523, 0.46651675932298176, 0.897120274132334, 0.8300092098621753, 0.3078960135907224, 0.09137185501945488, 0.9263586894609604, 0.9229857017347665, 0.5465999013004669, 0.9933915541361624, 0.7991608869410994, 0.48135240093884435, 0.9008097677270119, 0.8252452144258435, 0.49671313551308016], "7": [0.013441, 0.23682, -0.16899, 0.40951, 0.63812, 0.47709, -0.42852, -0.55641, -0.364, -0.23938, 0.13001, -0.063734, -0.39575, -0.48162, 0.23291, 0.090201, -0.13324, 0.078639, -0.41634, -0.15428, 0.10068, 0.48891, 0.31226, -0.1252, -0.037512, -1.5179, 0.12612, -0.02442, -0.042961, -0.28351, 3.5416, -0.11956, -0.014533, -0.1499, 0.21864, -0.33412, -0.13872, 0.31806, 0.70358, 0.44858, -0.080262, 0.63003, 0.32111, -0.46765, 0.22786, 0.36034, -0.37818, -0.56657, 0.044691, 0.30392], "8": [0.26818, 0.14346, -0.27877, 0.016257, 0.11384, 0.69923, -0.51332, -0.47368, -0.33075, -0.13834, 0.2702, 0.30938, -0.45012, -0.4127, -0.09932, 0.038085, 0.029749, 0.10076, -0.25058, -0.51818, 0.34558, 0.44922, 0.48791, -0.080866, -0.10121, -1.3777, -0.10866, -0.23201, 0.012839, -0.46508, 3.8463, 0.31362, 0.13643, -0.52244, 0.3302, 0.33707, -0.35601, 0.32431, 0.12041, 0.3512, -0.069043, 0.36885, 0.25168, -0.24517, 0.25381, 0.1367, -0.31178, -0.6321, -0.25028, -0.38097], "9": [0.4333715436332434, 0.8338748476352025, 0.8900768537659238, 0.13026405822576625, 0.9386826587056725, 0.8087150213912143, 0.053747650236586564, 0.7563800919042689, 0.7835096873817871, 0.3317599310767596, 0.24556722579790946, 0.8988849106725284, 0.5204314684289993, 0.609416247864594, 0.6062627088711068, 0.17987897738433323, 0.19668924647365016, 0.758075638012, 0.8756516247761421, 0.051253970785149816, 0.7967382503433709, 0.41436729448172605, 0.07990200080525389, 0.8493998026830286, 0.23786736239242612, 0.8141111880323026, 0.10275602615939006, 0.9078604784555492, 0.7126498361121323, 0.1960088387150264, 0.33432111227224137, 0.8581147119323507, 0.3639878126273588, 0.7014807153627042, 0.8343061793218254, 0.7462793977238337, 0.9869617700477559, 0.21882863909721073, 0.3693212438219411, 0.20683084749975633, 0.30092632373037975, 0.3047664594692533, 0.6915900792480655, 0.8738750578290061, 0.9349346457557794, 0.7199602657782272, 0.3115376400969079, 0.2904671397930285, 0.5185349063173281, 0.6304257877155259], "10": [0.31369, 0.73732, 0.27501, -0.51882, 0.39102, -0.84733, -0.22596, -0.3745, -0.56751, -0.10444, -0.07865, 0.50972, -0.44274, 0.038197, 0.759, 0.98204, 0.26128, -0.62279, -0.064897, -0.52966, -0.30045, -0.18522, 0.28722, 0.36005, 0.40381, -1.7122, -1.2329, 0.12507, 0.46661, -0.36031, 3.1632, 0.56363, -0.46641, -0.48497, -0.10749, -0.47382, 0.10153, -0.34646, 0.28584, -0.20812, -0.44613, 0.27223, 0.2287, 0.30833, 0.1775, 0.3363, 0.38842, -0.25642, 0.1355, 0.24894], "11": [1.41, -0.38826, -0.67257, 0.096132, 0.22911, -0.15398, 0.78772, 0.060697, 0.36169, -0.29796, -1.0352, -0.37475, -0.85346, 0.92114, 1.0007, -0.098535, 0.012293, 0.16911, 0.060886, 0.28136, 0.5987, 0.21763, -0.012862, 0.04577, 0.70347, -0.28745, -0.72828, 0.83579, 0.38275, 0.52864, 0.89583, 0.11691, 0.25704, -1.134, -1.1193, 0.53516, -0.97137, -0.56654, -0.084624, -0.33391, -1.1651, -0.00079373, -0.2186, -0.15406, -0.3422, 0.51049, 1.2409, 0.36253, -0.32657, -0.38318],